date,sma
2026-10-02,225.7490
2026-10-01,226.4400
2026-09-30,227.6530
2026-09-29,229.4090
2026-09-28,232.2470
2026-09-25,235.0890
2026-09-24,236.8670
2026-09-23,237.5630
2026-09-22,238.2810
2026-09-21,238.3520
2026-09-18,238.6480
2026-09-17,239.1640
2026-09-16,238.5590
2026-09-15,237.9500
2026-09-14,236.5000
2026-09-11,235.1500
2026-09-10,234.7000
2026-09-09,234.2850
2026-09-08,233.7100
2026-09-04,233.6050
2026-09-03,233.6840
2026-09-02,233.5820
2026-09-01,234.1280
2026-08-31,234.2550
2026-08-28,233.7530
2026-08-27,233.6260
2026-08-26,233.4610
2026-08-25,234.0720
2026-08-24,234.4950
2026-08-21,235.0220
2026-08-20,235.0135
2026-08-19,234.8218
2026-08-18,234.5302
2026-08-17,234.6113
2026-08-14,234.1966
2026-08-13,232.9707
2026-08-12,231.2733
2026-08-11,230.1585
2026-08-10,228.9099
2026-08-07,226.7533
2026-08-06,224.4607
2026-08-05,221.8018
2026-08-04,218.8082
2026-08-03,216.3607
2026-07-31,215.0391
2026-07-30,213.9489
2026-07-29,213.6818
2026-07-28,212.1686
2026-07-27,211.1281
2026-07-24,218.4706
2026-07-23,225.7555
2026-07-22,234.5575
2026-07-21,244.1172
2026-07-20,253.6123
2026-07-17,262.2028
2026-07-16,269.8333
2026-07-15,276.5055
2026-07-14,283.4568
2026-07-13,289.5066
2026-07-10,287.6598
2026-07-09,284.7516
2026-07-08,281.5405
2026-07-07,277.8559
2026-07-06,272.5032
2026-07-02,267.4970
2026-07-01,264.7993
2026-06-30,263.2662
2026-06-29,262.0251
2026-06-26,261.4532
2026-06-25,261.7729
2026-06-24,263.1719
2026-06-23,264.6146
2026-06-22,266.1913
2026-06-18,269.4301
2026-06-17,274.6597
2026-06-16,278.9570
2026-06-15,284.7575
2026-06-12,289.8918
2026-06-11,292.4297
2026-06-10,291.3742
2026-06-09,289.6704
2026-06-08,287.0094
2026-06-05,284.3306
2026-06-04,281.1662
2026-06-03,273.5437
2026-06-02,265.2729
2026-06-01,254.7005
2026-05-29,244.6603
2026-05-28,236.7737
2026-05-27,231.8509
2026-05-26,228.2784
2026-05-22,225.5837
2026-05-21,223.1928
2026-05-20,220.8745
2026-05-19,220.7843
2026-05-18,221.2835
2026-05-15,221.7854
2026-05-14,222.8978
2026-05-13,223.9824
2026-05-12,225.0549
2026-05-11,226.2582
2026-05-08,226.5396
2026-05-07,226.5919
2026-05-06,226.5692
2026-05-05,229.1437
2026-05-04,231.7705
2026-05-01,234.1587
2026-04-30,236.2552
2026-04-29,238.2285
2026-04-28,239.9731
2026-04-27,240.6857
2026-04-24,241.6487
2026-04-23,241.5284
2026-04-22,242.1297
2026-04-21,241.1322
2026-04-20,240.0864
2026-04-17,239.3994
2026-04-16,238.8760
2026-04-15,238.1013
2026-04-14,237.8638
2026-04-13,237.5661
2026-04-10,237.4202
2026-04-09,238.4956
2026-04-08,238.9105
2026-04-07,238.7972
2026-04-06,239.1293
2026-04-02,238.6395
2026-04-01,238.8573
2026-03-31,239.6912
2026-03-30,241.0435
2026-03-27,242.2263
2026-03-26,243.2060
2026-03-25,243.7984
2026-03-24,244.5356
2026-03-23,245.4828
2026-03-20,245.9648
2026-03-19,247.6483
2026-03-18,248.2574
2026-03-17,248.1056
2026-03-16,247.0382
2026-03-13,246.0644
2026-03-12,245.4661
2026-03-11,244.9072
2026-03-10,243.7905
2026-03-09,241.7324
2026-03-06,238.7775
2026-03-05,238.6109
2026-03-04,238.5843
2026-03-03,239.6419
2026-03-02,240.9262
2026-02-27,243.1942
2026-02-26,245.0974
2026-02-25,248.1332
2026-02-24,253.4774
2026-02-23,259.9160
2026-02-20,267.1969
2026-02-19,270.2593
2026-02-18,273.3262
2026-02-17,276.4640
2026-02-13,281.8474
2026-02-12,286.0428
2026-02-11,290.7689
2026-02-10,292.7073
2026-02-09,292.7484
2026-02-06,292.7474
2026-02-05,292.1114
2026-02-04,292.5799
2026-02-03,293.4119
2026-02-02,293.1218
2026-01-30,292.2339
2026-01-29,291.3764
2026-01-28,291.3558
2026-01-27,292.2378
2026-01-26,294.0332
2026-01-23,294.8064
2026-01-22,295.8139
2026-01-21,296.0158
2026-01-20,296.4989
2026-01-16,296.8537
2026-01-15,295.4650
2026-01-14,295.2945
2026-01-13,294.6104
2026-01-12,294.8633
2026-01-09,294.1685
2026-01-08,294.2018
2026-01-07,294.3057
2026-01-06,294.8995
2026-01-05,294.7535
2026-01-02,295.2906
2025-12-31,296.4489
2025-12-30,297.1320
2025-12-29,297.7798
2025-12-26,298.1228
2025-12-24,298.6765
2025-12-23,299.4713
2025-12-22,300.1279
2025-12-19,300.7541
2025-12-18,301.4362
2025-12-17,302.1751
2025-12-16,302.1065
2025-12-15,301.9693
2025-12-12,301.6763
2025-12-11,301.6116
2025-12-10,300.8737
2025-12-09,300.0710
2025-12-08,299.4478
2025-12-05,298.2972
2025-12-04,296.5783
2025-12-03,294.6712
2025-12-02,293.4295
2025-12-01,292.9777
2025-11-28,292.9797
2025-11-26,292.6151
2025-11-25,293.7686
2025-11-24,294.6741
2025-11-21,295.1651
2025-11-20,295.8790
2025-11-19,297.8714
2025-11-18,299.4965
2025-11-17,300.4053
2025-11-14,300.9848
2025-11-13,300.9905
2025-11-12,301.3359
2025-11-11,300.5091
2025-11-10,300.2308
2025-11-07,300.4531
2025-11-06,300.5584
2025-11-05,297.8857
2025-11-04,296.0084
2025-11-03,294.1760
2025-10-31,292.1213
2025-10-30,289.5744
2025-10-29,286.2516
2025-10-28,283.5750
2025-10-27,280.0251
2025-10-24,276.5288
2025-10-23,273.6398
2025-10-22,273.9546
2025-10-21,274.1447
2025-10-20,275.2968
2025-10-17,275.8592
2025-10-16,276.5503
2025-10-15,277.5981
2025-10-14,278.1576
2025-10-13,278.7434
2025-10-10,278.9949
2025-10-09,279.6274
2025-10-08,278.9656
2025-10-07,276.8281
2025-10-06,274.7198
2025-10-03,272.9604
2025-10-02,270.8190
2025-10-01,268.7019
2025-09-30,266.0303
2025-09-29,263.6286
2025-09-26,261.3322
2025-09-25,258.3232
2025-09-24,255.9420
2025-09-23,254.9040
2025-09-22,253.6242
2025-09-19,252.1348
2025-09-18,250.3930
2025-09-17,248.6561
2025-09-16,247.1960
2025-09-15,245.6345
2025-09-12,244.3917
2025-09-11,243.6402
2025-09-10,242.4540
2025-09-09,241.0650
2025-09-08,239.1468
2025-09-05,237.7822
2025-09-04,236.8923
2025-09-03,236.4410
2025-09-02,236.1661
2025-08-29,235.9663
2025-08-28,235.5989
2025-08-27,234.7587
2025-08-26,234.2937
2025-08-25,233.5276
2025-08-22,233.2225
2025-08-21,233.2401
2025-08-20,234.1209
2025-08-19,234.9000
2025-08-18,235.6470
2025-08-15,236.6991
2025-08-14,237.5382
2025-08-13,238.9317
2025-08-12,240.7249
2025-08-11,243.2429
2025-08-08,245.6891
2025-08-07,247.2157
2025-08-06,248.2175
2025-08-05,251.0954
2025-08-04,254.1243
2025-08-01,257.2925
2025-07-31,260.7599
2025-07-30,263.5525
2025-07-29,265.6492
2025-07-28,267.6133
2025-07-25,269.6054
2025-07-24,271.9160
2025-07-23,274.5219
2025-07-22,275.3089
2025-07-21,276.1278
2025-07-18,276.8790
2025-07-17,277.4694
2025-07-16,278.0163
2025-07-15,278.9147
2025-07-14,280.0840
2025-07-11,280.6561
2025-07-10,281.4634
2025-07-09,281.8148
2025-07-08,282.1681
2025-07-07,282.0481
2025-07-03,280.9349
2025-07-02,280.0869
2025-07-01,279.6416
2025-06-30,278.7346
2025-06-27,277.0348
2025-06-26,276.1955
2025-06-25,275.1879
2025-06-24,273.7533
2025-06-23,271.6518
2025-06-20,269.6858
2025-06-18,268.3199
2025-06-17,266.6075
2025-06-16,264.8797
2025-06-13,263.1441
2025-06-12,261.3862
2025-06-11,259.2237
2025-06-10,257.1638
2025-06-09,255.9044
2025-06-06,254.6024
2025-06-05,253.5861
2025-06-04,253.0062
2025-06-03,253.1446
2025-06-02,253.4554
2025-05-30,253.7322
2025-05-29,254.4698
2025-05-28,254.3856
2025-05-27,254.2259
2025-05-23,253.3024
2025-05-22,252.3896
2025-05-21,251.8154
2025-05-20,250.9252
2025-05-19,249.0378
2025-05-16,247.0148
2025-05-15,244.8025
2025-05-14,242.0316
2025-05-13,240.3261
2025-05-12,238.3123
2025-05-09,236.4624
2025-05-08,234.6864
2025-05-07,232.3009
2025-05-06,231.5423
2025-05-05,230.7519
2025-05-02,229.5058
2025-05-01,228.8577
2025-04-30,228.7529
2025-04-29,228.6452
2025-04-28,228.6135
2025-04-25,228.5481
2025-04-24,228.2731
2025-04-23,228.8481
2025-04-22,226.4972
2025-04-21,225.0434
2025-04-17,224.2030
2025-04-16,224.6530
2025-04-15,225.7501
2025-04-14,226.6770
2025-04-11,227.6001
2025-04-10,228.4193
2025-04-09,230.0212
2025-04-08,231.4663
2025-04-07,234.2422
2025-04-04,236.4220
2025-04-03,237.9979
2025-04-02,237.9815
2025-04-01,238.2037
2025-03-31,237.8777
2025-03-28,238.2921
2025-03-27,238.7104
2025-03-26,238.6710
2025-03-25,238.6027
2025-03-24,238.5113
2025-03-21,239.3238
2025-03-20,241.0228
2025-03-19,241.5392
2025-03-18,241.4488
2025-03-17,242.0507
2025-03-14,241.7834
2025-03-13,242.1766
2025-03-12,242.8910
2025-03-11,243.4881
2025-03-10,244.3343
2025-03-07,244.8121
2025-03-06,244.8064
2025-03-05,246.3496
2025-03-04,247.5967
2025-03-03,248.5447
2025-02-28,249.6111
2025-02-27,250.2601
2025-02-26,250.5082
2025-02-25,250.3985
2025-02-24,249.5832
2025-02-21,248.5054
2025-02-20,247.5702
2025-02-19,247.2632
2025-02-18,247.1075
2025-02-14,246.7156
2025-02-13,246.0155
2025-02-12,245.7618
2025-02-11,243.0021
2025-02-10,240.0654
2025-02-07,237.5048
2025-02-06,234.8744
2025-02-05,232.2574
2025-02-04,228.4331
2025-02-03,224.5935
2025-01-31,221.1608
2025-01-30,218.0051
2025-01-29,214.3528
2025-01-28,213.3136
2025-01-27,212.5247
2025-01-24,212.1063
2025-01-23,211.9516
2025-01-22,211.7529
2025-01-21,211.6966
2025-01-17,211.5428
2025-01-16,211.0796
2025-01-15,210.8093
2025-01-14,210.8303
2025-01-13,211.3107
2025-01-10,212.0261
2025-01-08,212.4712
2025-01-07,212.3518
2025-01-06,212.2945
2025-01-03,212.4139
2025-01-02,212.1770
2024-12-31,213.0395
2024-12-30,213.9468
2024-12-27,214.9564
2024-12-26,215.8618
2024-12-24,216.3614
2024-12-23,217.0596
2024-12-20,217.8303
2024-12-19,219.2325
2024-12-18,220.2668
2024-12-17,221.5391
2024-12-16,221.5419
2024-12-13,221.3566
2024-12-12,221.0309
2024-12-11,220.5209
2024-12-10,220.3977
2024-12-09,219.8638
2024-12-06,219.1923
2024-12-05,217.6985
2024-12-04,215.7740
2024-12-03,213.5543
2024-12-02,211.5571
2024-11-29,209.4177
2024-11-27,207.6584
2024-11-26,206.1302
2024-11-25,204.4138
2024-11-22,203.0539
2024-11-21,202.0100
2024-11-20,201.0178
2024-11-19,200.7619
2024-11-18,200.3502
2024-11-15,200.0263
2024-11-14,200.1814
2024-11-13,199.8094
2024-11-12,199.0807
2024-11-11,198.8817
2024-11-08,198.8191
2024-11-07,198.9091
2024-11-06,199.3545
2024-11-05,201.1692
2024-11-04,203.5079
2024-11-01,205.9177
2024-10-31,208.1872
2024-10-30,210.6661
2024-10-29,213.3924
2024-10-28,215.5274
2024-10-25,217.6453
2024-10-24,219.4069
2024-10-23,220.7933
2024-10-22,220.9401
2024-10-21,220.5962
2024-10-18,220.1574
2024-10-17,219.5699
2024-10-16,218.6071
2024-10-15,217.2861
2024-10-14,215.9965
2024-10-11,214.6527
2024-10-10,213.4758
2024-10-09,212.5670
2024-10-08,211.3285
2024-10-07,210.6036
2024-10-04,209.9763
2024-10-03,209.1898
2024-10-02,208.3530
2024-10-01,207.8991
2024-09-30,207.4045
2024-09-27,207.0330
2024-09-26,206.4597
2024-09-25,205.3396
2024-09-24,204.2650
2024-09-23,202.7820
2024-09-20,201.1739
2024-09-19,199.5668
2024-09-18,198.4960
2024-09-17,197.4697
2024-09-16,196.2520
2024-09-13,194.8278
2024-09-12,193.3220
2024-09-11,192.0759
2024-09-10,191.0184
2024-09-09,190.3228
2024-09-06,189.6188
2024-09-05,189.1658
2024-09-04,188.6560
2024-09-03,187.8903
2024-08-30,187.2696
2024-08-29,186.4784
2024-08-28,186.0093
2024-08-27,185.4275
2024-08-26,184.6940
2024-08-23,183.8886
2024-08-22,183.4479
2024-08-21,182.9726
2024-08-20,181.8331
2024-08-19,180.8054
2024-08-16,179.5730
2024-08-15,178.9764
2024-08-14,178.4145
2024-08-13,178.2400
2024-08-12,178.0882
2024-08-09,178.1227
2024-08-08,177.9940
2024-08-07,177.9348
2024-08-06,177.6736
2024-08-05,177.4200
2024-08-02,177.4989
2024-08-01,176.9475
2024-07-31,176.5304
2024-07-30,176.0898
2024-07-29,175.5985
2024-07-26,174.7887
2024-07-25,173.9507
2024-07-24,172.6666
2024-07-23,172.0860
2024-07-22,171.3702
2024-07-19,170.7586
2024-07-18,170.0794
2024-07-17,169.1879
2024-07-16,168.2344
2024-07-15,167.2283
2024-07-12,166.2954
2024-07-11,165.1700
2024-07-10,164.5650
2024-07-09,164.0728
2024-07-08,163.9347
2024-07-05,163.4481
2024-07-03,163.2508
2024-07-02,162.7642
2024-07-01,162.0314
2024-06-28,161.4781
2024-06-27,161.1183
2024-06-26,160.9445
2024-06-25,160.7050
2024-06-24,160.4964
2024-06-21,160.0267
2024-06-20,159.6265
2024-06-18,159.0121
2024-06-17,158.5669
2024-06-14,158.1704
2024-06-13,157.9487
2024-06-12,157.6209
2024-06-11,157.4377
2024-06-10,157.4696
2024-06-07,157.5175
2024-06-06,157.5795
2024-06-05,158.0953
2024-06-04,158.6674
2024-06-03,159.0535
2024-05-31,159.4058
2024-05-30,159.6049
2024-05-29,159.8520
2024-05-28,159.8811
2024-05-24,159.6838
2024-05-23,159.3325
2024-05-22,158.9191
2024-05-21,158.4044
2024-05-20,157.7689
2024-05-17,157.4884
2024-05-16,157.0217
2024-05-15,156.4658
2024-05-14,155.9524
2024-05-13,155.6881
2024-05-10,155.5195
2024-05-09,155.3615
2024-05-08,155.4517
2024-05-07,156.7724
2024-05-06,158.0569
2024-05-03,159.2929
2024-05-02,160.7690
2024-05-01,162.3296
2024-04-30,164.0661
2024-04-29,165.6984
2024-04-26,166.9837
2024-04-25,168.3919
2024-04-24,169.9720
2024-04-23,170.1525
2024-04-22,170.8147
2024-04-19,171.5513
2024-04-18,172.2545
2024-04-17,172.8562
2024-04-16,173.5817
2024-04-15,174.0588
2024-04-12,174.8568
2024-04-11,175.6650
2024-04-10,176.1208
2024-04-09,176.3496
2024-04-08,176.3012
2024-04-05,176.3961
2024-04-04,176.6528
2024-04-03,177.2127
2024-04-02,177.4396
2024-04-01,177.7010
2024-03-28,177.8163
2024-03-27,178.0460
2024-03-26,178.5948
2024-03-25,179.4579
2024-03-22,179.7313
2024-03-21,180.2066
2024-03-20,180.6381
2024-03-19,180.8428
2024-03-18,180.7135
2024-03-15,180.8409
2024-03-14,180.5740
2024-03-13,179.7927
2024-03-12,178.7324
2024-03-11,177.5317
2024-03-08,176.8248
2024-03-07,175.8734
2024-03-06,174.7266
2024-03-05,173.1957
2024-03-04,172.4042
2024-03-01,171.9001
2024-02-29,171.7764
2024-02-28,171.6406
2024-02-27,171.4918
2024-02-26,171.6118
2024-02-23,171.8173
2024-02-22,171.6908
2024-02-21,171.4946
2024-02-20,171.6874
2024-02-16,171.5333
2024-02-15,171.2071
2024-02-14,171.0548
2024-02-13,170.9107
2024-02-12,171.1426
2024-02-09,171.0784
2024-02-08,171.0233
2024-02-07,171.4298
2024-02-06,170.5256
2024-02-05,169.6526
2024-02-02,168.6765
2024-02-01,167.3574
2024-01-31,165.5083
2024-01-30,163.8879
2024-01-29,161.9604
2024-01-26,159.9934
2024-01-25,157.6650
2024-01-24,154.9734
2024-01-23,153.6967
2024-01-22,152.5168
2024-01-19,151.2568
2024-01-18,150.2779
2024-01-17,149.6566
2024-01-16,149.2344
2024-01-12,148.9201
2024-01-11,148.7311
2024-01-10,148.8510
2024-01-09,149.0335
2024-01-08,149.2233
2024-01-05,149.1902
2024-01-04,149.2722
2024-01-03,149.3367
2024-01-02,149.5801
2023-12-29,149.6474
2023-12-28,149.5884
2023-12-27,149.5764
2023-12-26,149.6916
2023-12-22,149.7193
2023-12-21,149.7027
2023-12-20,149.6511
2023-12-19,149.6723
2023-12-18,149.6566
2023-12-15,149.5054
2023-12-14,149.3506
2023-12-13,148.9496
2023-12-12,148.2850
2023-12-11,147.4499
2023-12-08,146.7180
2023-12-07,146.0930
2023-12-06,145.6238
2023-12-05,145.0366
2023-12-04,144.3877
2023-12-01,143.6309
2023-11-30,142.9405
2023-11-29,142.3893
2023-11-28,141.8362
2023-11-27,141.1403
2023-11-24,140.5365
2023-11-22,139.7475
2023-11-21,138.9403
2023-11-20,138.3184
2023-11-17,137.6688
2023-11-16,137.0562
2023-11-15,136.3468
2023-11-14,135.5350
2023-11-13,134.8538
2023-11-10,134.2024
2023-11-09,133.4562
2023-11-08,133.0442
2023-11-07,132.0462
2023-11-06,131.0399
2023-11-03,129.8924
2023-11-02,128.9135
2023-11-01,128.0932
2023-10-31,127.5983
2023-10-30,127.2045
2023-10-27,126.8928
2023-10-26,126.5228
2023-10-25,126.2931
2023-10-24,126.8536
2023-10-23,127.2474
2023-10-20,127.7779
2023-10-19,128.2217
2023-10-18,128.5417
2023-10-17,128.6419
2023-10-16,128.6483
2023-10-13,128.7932
2023-10-12,128.9609
2023-10-11,128.9919
2023-10-10,128.9864
2023-10-09,129.0894
2023-10-06,129.4795
2023-10-05,129.9243
2023-10-04,130.4584
2023-10-03,131.2569
2023-10-02,131.8156
2023-09-29,132.2066
2023-09-28,132.7252
2023-09-27,133.2511
2023-09-26,133.5592
2023-09-25,133.8381
2023-09-22,134.0113
2023-09-21,134.0815
2023-09-20,134.0942
2023-09-19,133.9329
2023-09-18,134.0797
2023-09-15,134.3394
2023-09-14,134.4160
2023-09-13,134.3713
2023-09-12,134.3622
2023-09-11,134.3367
2023-09-08,134.0605
2023-09-07,133.6841
2023-09-06,133.3095
2023-09-05,132.7106
2023-09-01,132.1774
2023-08-31,131.5823
2023-08-30,131.0199
2023-08-29,130.4530
2023-08-28,130.0355
2023-08-25,129.6609
2023-08-24,129.4577
2023-08-23,129.4303
2023-08-22,129.3465
2023-08-21,129.5962
2023-08-18,129.7982
2023-08-17,129.9048
2023-08-16,130.0986
2023-08-15,130.2690
2023-08-14,130.2516
2023-08-11,130.3072
2023-08-10,130.1867
2023-08-09,130.0111
2023-08-08,129.7336
2023-08-07,129.2309
2023-08-04,128.6327
2023-08-03,128.1552
2023-08-02,127.6083
2023-08-01,126.8253
2023-07-31,126.1073
2023-07-28,125.2117
2023-07-27,124.3063
2023-07-26,123.4909
2023-07-25,122.7494
2023-07-24,122.2187
2023-07-21,121.6205
2023-07-20,121.0024
2023-07-19,120.4420
2023-07-18,120.3303
2023-07-17,120.1781
2023-07-14,120.1393
2023-07-13,120.1988
2023-07-12,120.0042
2023-07-11,119.9591
2023-07-10,119.6798
2023-07-07,119.3672
2023-07-06,119.2852
2023-07-05,119.4231
2023-07-03,119.5780
2023-06-30,119.9213
2023-06-29,120.3348
2023-06-28,120.6177
2023-06-27,121.1439
2023-06-26,121.5115
2023-06-23,121.8683
2023-06-22,122.3169
2023-06-21,122.6061
2023-06-20,122.5161
2023-06-16,122.2169
2023-06-15,121.7610
2023-06-14,120.9880
2023-06-13,120.2123
2023-06-12,119.4807
2023-06-09,118.8023
2023-06-08,118.0329
2023-06-07,117.2463
2023-06-06,116.6877
2023-06-05,116.2201
2023-06-02,115.7354
2023-06-01,115.1705
2023-05-31,114.8002
2023-05-30,114.3380
2023-05-26,113.7867
2023-05-25,113.2416
2023-05-24,112.7136
2023-05-23,112.3839
2023-05-22,111.7523
2023-05-19,111.2326
2023-05-18,110.7568
2023-05-17,110.2851
2023-05-16,109.9311
2023-05-15,109.9319
2023-05-12,110.0243
2023-05-11,110.1920
2023-05-10,110.5843
2023-05-09,110.7762
2023-05-08,111.0481
2023-05-05,111.2259
2023-05-04,111.4108
2023-05-03,111.7476
2023-05-02,112.0027
2023-05-01,112.2355
2023-04-28,112.3893
2023-04-27,112.5431
2023-04-26,112.6257
2023-04-25,112.8648
2023-04-24,113.2674
2023-04-21,113.7678
2023-04-20,114.1918
2023-04-19,114.7055
2023-04-18,115.1747
2023-04-17,115.5551
2023-04-14,115.8458
2023-04-13,115.9418
2023-04-12,116.1026
2023-04-11,116.1737
2023-04-10,116.0751
2023-04-06,115.5649
2023-04-05,114.9312
2023-04-04,114.2122
2023-04-03,113.7651
2023-03-31,113.2212
2023-03-30,112.5635
2023-03-29,112.1618
2023-03-28,111.5903
2023-03-27,111.1734
2023-03-24,110.8419
2023-03-23,110.8562
2023-03-22,111.1041
2023-03-21,111.4596
2023-03-20,111.6090
2023-03-17,111.9867
2023-03-16,112.5155
2023-03-15,112.8915
2023-03-14,113.3279
2023-03-13,113.7411
2023-03-10,114.1775
2023-03-09,114.6326
2023-03-08,115.0441
2023-03-07,115.3036
2023-03-06,115.6111
2023-03-03,116.0404
2023-03-02,116.5168
2023-03-01,117.1807
2023-02-28,117.8758
2023-02-27,118.5912
2023-02-24,119.0454
2023-02-23,119.3280
2023-02-22,119.6420
2023-02-21,119.9277
2023-02-17,120.1775
2023-02-16,120.1999
2023-02-15,120.1757
2023-02-14,119.9129
2023-02-13,119.6533
2023-02-10,119.3245
2023-02-09,119.0714
2023-02-08,118.9880
2023-02-07,119.4077
2023-02-06,119.9037
2023-02-03,120.4024
2023-02-02,120.7764
2023-02-01,121.1478
2023-01-31,121.6148
2023-01-30,122.5332
2023-01-27,123.4629
2023-01-26,124.4427
2023-01-25,125.3918
2023-01-24,125.7465
2023-01-23,125.9273
2023-01-20,126.0889
2023-01-19,126.0810
2023-01-18,126.2548
2023-01-17,126.3549
2023-01-13,125.9774
2023-01-12,125.5533
2023-01-11,125.0678
2023-01-10,124.8185
2023-01-09,124.5419
2023-01-06,124.3075
2023-01-05,124.1706
2023-01-04,124.1855
2023-01-03,123.8580
2022-12-30,123.7360
2022-12-29,123.8650
2022-12-28,124.6376
2022-12-27,125.5639
2022-12-23,126.1600
2022-12-22,126.6341
2022-12-21,127.2399
2022-12-20,127.6903
2022-12-19,128.2364
2022-12-16,128.9861
2022-12-15,129.7333
2022-12-14,130.3303
2022-12-13,130.2460
2022-12-12,129.8878
2022-12-09,129.6218
2022-12-08,129.7377
2022-12-07,129.8228
2022-12-06,129.9835
2022-12-05,129.9115
2022-12-02,129.9317
2022-12-01,129.7052
2022-11-30,129.2978
2022-11-29,128.8975
2022-11-28,128.6964
2022-11-25,128.4321
2022-11-23,127.8053
2022-11-22,126.8079
2022-11-21,125.8666
2022-11-18,124.9903
2022-11-17,123.9099
2022-11-16,122.7496
2022-11-15,121.9319
2022-11-14,121.2489
2022-11-11,120.5859
2022-11-10,120.0325
2022-11-09,119.3249
2022-11-08,118.9753
2022-11-07,118.3585
2022-11-04,117.8683
2022-11-03,117.2558
2022-11-02,116.7206
2022-11-01,115.4783
2022-10-31,114.1544
2022-10-28,112.6996
2022-10-27,111.0972
2022-10-26,109.9712
2022-10-25,108.4582
2022-10-24,107.1456
2022-10-21,105.8495
2022-10-20,104.8883
2022-10-19,104.3617
2022-10-18,104.6419
2022-10-17,104.8640
2022-10-14,104.8631
2022-10-13,104.7564
2022-10-12,104.7425
2022-10-11,105.1928
2022-10-10,105.5346
2022-10-07,105.9042
2022-10-06,106.2416
2022-10-05,106.5088
2022-10-04,106.4386
2022-10-03,106.5080
2022-09-30,107.0476
2022-09-29,107.7815
2022-09-28,108.1164
2022-09-27,108.5441
2022-09-26,109.0221
2022-09-23,109.7725
2022-09-22,110.3347
2022-09-21,110.6088
2022-09-20,110.8500
2022-09-19,110.8864
2022-09-16,110.8916
2022-09-15,111.0990
2022-09-14,111.3558
2022-09-13,111.5197
2022-09-12,111.7852
2022-09-09,111.7609
2022-09-08,112.1764
2022-09-07,112.5894
2022-09-06,113.1993
2022-09-02,113.9653
2022-09-01,114.8831
2022-08-31,115.6995
2022-08-30,116.5098
2022-08-29,117.1153
2022-08-26,117.5161
2022-08-25,117.8310
2022-08-24,117.7061
2022-08-23,117.5560
2022-08-22,117.0988
2022-08-19,116.6990
2022-08-18,116.0434
2022-08-17,115.2551
2022-08-16,114.6378
2022-08-15,114.0819
2022-08-12,113.6870
2022-08-11,113.2649
2022-08-10,112.8358
2022-08-09,112.4883
2022-08-08,112.2279
2022-08-05,111.8793
2022-08-04,111.5169
2022-08-03,111.1323
2022-08-02,110.8616
2022-08-01,110.7820
2022-07-29,111.3036
2022-07-28,112.0857
2022-07-27,112.9286
2022-07-26,113.6191
2022-07-25,114.5699
2022-07-22,115.6373
2022-07-21,116.6840
2022-07-20,117.8559
2022-07-19,118.6183
2022-07-18,119.1956
2022-07-15,119.4518
2022-07-14,119.5606
2022-07-13,119.7019
2022-07-12,120.1028
2022-07-11,120.4129
2022-07-08,120.5037
2022-07-07,120.3298
2022-07-06,120.0086
2022-07-05,119.9889
2022-07-01,119.7662
2022-06-30,119.2993
2022-06-29,118.9455
2022-06-28,118.5181
2022-06-27,117.9398
2022-06-24,117.3736
2022-06-23,117.0224
2022-06-22,117.2271
2022-06-21,117.7154
2022-06-17,118.1463
2022-06-16,118.6740
2022-06-15,119.0577
2022-06-14,119.2607
2022-06-13,119.5280
2022-06-10,119.8844
2022-06-09,119.9443
2022-06-08,119.6385
2022-06-07,119.0363
2022-06-06,118.0418
2022-06-03,116.8083
2022-06-02,115.8214
2022-06-01,115.2038
2022-05-31,115.1130
2022-05-27,114.7866
2022-05-26,114.3009
2022-05-25,113.9591
2022-05-24,113.6473
2022-05-23,113.2473
2022-05-20,113.5274
2022-05-19,114.1717
2022-05-18,114.5667
2022-05-17,114.8061
2022-05-16,114.1673
2022-05-13,113.8587
2022-05-12,113.6023
2022-05-11,113.7046
2022-05-10,113.9335
2022-05-09,114.3969
2022-05-06,114.6516
2022-05-05,114.7007
2022-05-04,115.0332
2022-05-03,115.1111
2022-05-02,114.8259
2022-04-29,114.2445
2022-04-28,113.7664
2022-04-27,112.9540
2022-04-26,112.1857
2022-04-25,111.3547
2022-04-22,110.3925
2022-04-21,109.5717
2022-04-20,108.6865
2022-04-19,107.8885
2022-04-18,107.9833
2022-04-14,108.3201
2022-04-13,108.6129
2022-04-12,109.1198
2022-04-11,109.6241
2022-04-08,110.0557
2022-04-07,110.3620
2022-04-06,110.4213
2022-04-05,110.3290
2022-04-04,110.3434
2022-04-01,110.1598
2022-03-31,110.0422
2022-03-30,109.8678
2022-03-29,109.4371
2022-03-28,108.9040
2022-03-25,108.2668
2022-03-24,107.6414
2022-03-23,107.2268
2022-03-22,107.0507
2022-03-21,106.7647
2022-03-18,106.5929
2022-03-17,106.4118
2022-03-16,106.2400
2022-03-15,105.9709
2022-03-14,105.6079
2022-03-11,105.4869
2022-03-10,105.5055
2022-03-09,105.3041
2022-03-08,104.9529
2022-03-07,104.8040
2022-03-04,104.6584
2022-03-03,104.5188
2022-03-02,104.7938
2022-03-01,105.3083
2022-02-28,106.0530
2022-02-25,106.9145
2022-02-24,107.7049
2022-02-23,108.9021
2022-02-22,110.0265
2022-02-18,111.0128
2022-02-17,111.9552
2022-02-16,112.8977
2022-02-15,113.4397
2022-02-14,113.7736
2022-02-11,113.9258
2022-02-10,113.9409
2022-02-09,113.7202
2022-02-08,113.4251
2022-02-07,113.3482
2022-02-04,112.6443
2022-02-03,111.9923
2022-02-02,111.4104
2022-02-01,110.9364
2022-01-31,110.7199
2022-01-28,110.7734
2022-01-27,110.7952
2022-01-26,110.8846
2022-01-25,110.7684
2022-01-24,110.6790
2022-01-21,111.1814
2022-01-20,111.6821
2022-01-19,112.3007
2022-01-18,112.8391
2022-01-14,113.0982
2022-01-13,113.0523
2022-01-12,112.9812
2022-01-11,112.9611
2022-01-10,112.9411
2022-01-07,112.6560
2022-01-06,112.3049
2022-01-05,111.8376
2022-01-04,111.0643
2022-01-03,110.1481
2021-12-31,109.4259
2021-12-30,108.7797
2021-12-29,107.8768
2021-12-28,107.0751
2021-12-27,106.2350
2021-12-23,105.6055
2021-12-22,105.0153
2021-12-21,104.4527
2021-12-20,103.8349
2021-12-17,103.2372
2021-12-16,102.5216
2021-12-15,101.7668
2021-12-14,101.2493
2021-12-13,100.6926
2021-12-10,100.3515
2021-12-09,99.6593
2021-12-08,99.0875
2021-12-07,98.5667
2021-12-06,98.1395
2021-12-03,97.8168
2021-12-02,97.6346
2021-12-01,97.7316
2021-11-30,97.8603
2021-11-29,98.0083
2021-11-26,98.0467
2021-11-24,98.4196
2021-11-23,98.7113
2021-11-22,99.0507
2021-11-19,99.5860
2021-11-18,100.0796
2021-11-17,100.2946
2021-11-16,100.4494
2021-11-15,100.4959
2021-11-12,100.5160
2021-11-11,100.4355
2021-11-10,100.3038
2021-11-09,100.1235
2021-11-08,100.0451
2021-11-05,99.8378
2021-11-04,99.7262
2021-11-03,99.8776
2021-11-02,101.0422
2021-11-01,102.2881
2021-10-29,103.5528
2021-10-28,105.0912
2021-10-27,106.4750
2021-10-26,107.7043
2021-10-25,108.7561
2021-10-22,109.9223
2021-10-21,111.1319
2021-10-20,112.1948
2021-10-19,112.2310
2021-10-18,112.3233
2021-10-15,112.4644
2021-10-14,112.3627
2021-10-13,112.0111
2021-10-12,111.8865
2021-10-11,111.6499
2021-10-08,111.3448
2021-10-07,110.8930
2021-10-06,110.4924
2021-10-05,109.8829
2021-10-04,109.0802
2021-10-01,108.3075
2021-09-30,107.6696
2021-09-29,107.4725
2021-09-28,107.3163
2021-09-27,107.2178
2021-09-24,107.1854
2021-09-23,107.1484
2021-09-22,107.2280
2021-09-21,107.5466
2021-09-20,107.9479
2021-09-17,108.3635
2021-09-16,108.7404
2021-09-15,108.9667
2021-09-14,109.2142
2021-09-13,109.4311
2021-09-10,109.5304
2021-09-09,109.6692
2021-09-08,109.8364
2021-09-07,109.9286
2021-09-03,110.0516
2021-09-02,110.0146
2021-09-01,109.8577
2021-08-31,109.8711
2021-08-30,110.0351
2021-08-27,110.3994
2021-08-26,110.6966
2021-08-25,111.0349
2021-08-24,111.2139
2021-08-23,111.3353
2021-08-20,111.4638
2021-08-19,111.7261
2021-08-18,111.9714
2021-08-17,112.1017
2021-08-16,112.1014
2021-08-13,111.8023
2021-08-12,111.4997
2021-08-11,111.2813
2021-08-10,111.1247
2021-08-09,111.1035
2021-08-06,111.0941
2021-08-05,110.8798
2021-08-04,110.7192
2021-08-03,110.6054
2021-08-02,110.2859
2021-07-30,110.0130
2021-07-29,109.8525
2021-07-28,109.7371
2021-07-27,109.5851
2021-07-26,109.3926
2021-07-23,109.2484
2021-07-22,109.2624
2021-07-21,109.2648
2021-07-20,109.1494
2021-07-19,109.0567
2021-07-16,109.2203
2021-07-15,109.8392
2021-07-14,110.3178
2021-07-13,110.7644
2021-07-12,111.1549
2021-07-09,111.6164
2021-07-08,111.9219
2021-07-07,112.2236
2021-07-06,112.7333
2021-07-02,113.3468
2021-07-01,113.5884
2021-06-30,113.4917
2021-06-29,113.5884
2021-06-28,113.8854
2021-06-25,114.2548
2021-06-24,114.6009
2021-06-23,114.9984
2021-06-22,115.4708
2021-06-21,115.6820
2021-06-18,115.7888
2021-06-17,116.1239
2021-06-16,116.1200
2021-06-15,115.9556
2021-06-14,115.5526
2021-06-11,115.0623
2021-06-10,114.4809
2021-06-09,113.9228
2021-06-08,113.3865
2021-06-07,113.0474
2021-06-04,112.7918
2021-06-03,112.5159
2021-06-02,112.3319
2021-06-01,112.1908
2021-05-28,112.2625
2021-05-27,112.3358
2021-05-26,112.3631
2021-05-25,112.2010
2021-05-24,112.2345
2021-05-21,112.3475
2021-05-20,112.4036
2021-05-19,112.6285
2021-05-18,112.6605
2021-05-17,112.6773
2021-05-14,112.5235
2021-05-13,112.1819
2021-05-12,112.0620
2021-05-11,112.0703
2021-05-10,111.7746
2021-05-07,111.2930
2021-05-06,110.9331
2021-05-05,110.3828
2021-05-04,110.2541
2021-05-03,109.6690
2021-04-30,108.7727
2021-04-29,108.1337
2021-04-28,107.2350
2021-04-27,106.4357
2021-04-26,105.6010
2021-04-23,105.0630
2021-04-22,104.5466
2021-04-21,104.0718
2021-04-20,103.4074
2021-04-19,103.1037
2021-04-16,103.3203
2021-04-15,103.2926
2021-04-14,103.3450
2021-04-13,103.5061
2021-04-12,103.8668
2021-04-09,104.0047
2021-04-08,103.7997
2021-04-07,103.4529
2021-04-06,103.1083
2021-04-05,102.8255
2021-04-01,102.2836
2021-03-31,102.0393
2021-03-30,101.7133
2021-03-29,101.2138
2021-03-26,100.6527
2021-03-25,99.9767
2021-03-24,99.5197
2021-03-23,99.3077
2021-03-22,98.8237
2021-03-19,98.3813
2021-03-18,97.9134
2021-03-17,97.1465
2021-03-16,96.6324
2021-03-15,96.0227
2021-03-12,95.4185
2021-03-11,94.7495
2021-03-10,94.3895
2021-03-09,94.0303
2021-03-08,93.7629
2021-03-05,93.4584
2021-03-04,93.1625
2021-03-03,93.2102
2021-03-02,93.0260
2021-03-01,93.0060
2021-02-26,93.0106
2021-02-25,93.1632
2021-02-24,93.1455
2021-02-23,93.0599
2021-02-22,93.1580
2021-02-19,93.1060
2021-02-18,93.1396
2021-02-17,92.8945
2021-02-16,92.7324
2021-02-12,92.6462
2021-02-11,92.3950
2021-02-10,92.2091
2021-02-09,92.1025
2021-02-08,92.0082
2021-02-05,91.6256
2021-02-04,91.3837
2021-02-03,92.1922
2021-02-02,93.0259
2021-02-01,93.7545
2021-01-29,94.3516
2021-01-28,95.1016
2021-01-27,95.6218
2021-01-26,96.1345
2021-01-25,96.5977
2021-01-22,97.3545
2021-01-21,98.1440
2021-01-20,97.9645
2021-01-19,97.6648
2021-01-15,97.2784
2021-01-14,97.0875
2021-01-13,96.7353
2021-01-12,96.4980
2021-01-11,96.1641
2021-01-08,95.8682
2021-01-07,95.5161
2021-01-06,95.1069
2021-01-05,94.6581
2021-01-04,94.6361
2020-12-31,94.7585
2020-12-30,94.7334
2020-12-29,94.8544
2020-12-28,94.8338
2020-12-24,94.7920
2020-12-23,94.8125
2020-12-22,95.0323
2020-12-21,95.1921
2020-12-18,95.2917
2020-12-17,95.3944
2020-12-16,95.2468
2020-12-15,95.1761
2020-12-14,94.9654
2020-12-11,94.9646
2020-12-10,94.9707
2020-12-09,94.9129
2020-12-08,94.7327
2020-12-07,94.3052
2020-12-04,93.7150
2020-12-03,92.9528
2020-12-02,92.4326
2020-12-01,91.9062
2020-11-30,91.5412
2020-11-27,91.0338
2020-11-25,90.2846
2020-11-24,89.7522
2020-11-23,89.2571
2020-11-20,88.9102
2020-11-19,88.5690
2020-11-18,88.2642
2020-11-17,87.7754
2020-11-16,87.3853
2020-11-13,86.8513
2020-11-12,86.3384
2020-11-11,85.7980
2020-11-10,84.8827
2020-11-09,84.2066
2020-11-06,83.8361
2020-11-05,83.9831
2020-11-04,84.0574
2020-11-03,84.2944
2020-11-02,84.5352
2020-10-30,85.4809
2020-10-29,86.5512
2020-10-28,87.7498
2020-10-27,89.1965
2020-10-26,90.2871
2020-10-23,91.4114
2020-10-22,92.2956
2020-10-21,93.4754
2020-10-20,94.1512
2020-10-19,94.4962
2020-10-16,94.2330
2020-10-15,93.8309
2020-10-14,93.5459
2020-10-13,93.2257
2020-10-12,92.9137
2020-10-09,92.5027
2020-10-08,91.8396
2020-10-07,90.8346
2020-10-06,90.4416
2020-10-05,90.3321
2020-10-02,90.2001
2020-10-01,90.3643
2020-09-30,90.6516
2020-09-29,90.8429
2020-09-28,90.9554
2020-09-25,90.9824
2020-09-24,91.1706
2020-09-23,91.3559
2020-09-22,91.6131
2020-09-21,91.6656
2020-09-18,91.8194
2020-09-17,91.9461
2020-09-16,92.1906
2020-09-15,92.1291
2020-09-14,92.1944
2020-09-11,92.4179
2020-09-10,92.6572
2020-09-09,92.9279
2020-09-08,93.1064
2020-09-04,93.4417
2020-09-03,93.5062
2020-09-02,93.4087
2020-09-01,93.0832
2020-08-31,93.1972
2020-08-28,93.2819
2020-08-27,93.2969
2020-08-26,93.3254
2020-08-25,93.5152
2020-08-24,93.6734
2020-08-21,93.7807
2020-08-20,93.9157
2020-08-19,94.0167
2020-08-18,94.0163
2020-08-17,93.9637
2020-08-14,93.8339
2020-08-13,93.5404
2020-08-12,93.2620
2020-08-11,93.0375
2020-08-10,92.7463
2020-08-07,92.5569
2020-08-06,92.4976
2020-08-05,92.5872
2020-08-04,92.8256
2020-08-03,92.8419
2020-07-31,92.9944
2020-07-30,93.1551
2020-07-29,93.2373
2020-07-28,93.0655
2020-07-27,92.7790
2020-07-24,92.2600
2020-07-23,91.7091
2020-07-22,90.8488
2020-07-21,90.0374
2020-07-20,89.4096
2020-07-17,88.9520
2020-07-16,88.5515
2020-07-15,88.1465
2020-07-14,87.9814
2020-07-13,87.9185
2020-07-10,87.7697
2020-07-09,87.8200
2020-07-08,87.8726
2020-07-07,87.9984
2020-07-06,88.2568
2020-07-02,88.4256
2020-07-01,88.7558
2020-06-30,89.1712
2020-06-29,89.4955
2020-06-26,89.6361
2020-06-25,89.9856
2020-06-24,89.9101
2020-06-23,90.9058
2020-06-22,91.8283
2020-06-19,92.9152
2020-06-18,93.6252
2020-06-17,93.9754
2020-06-16,94.3382
2020-06-15,94.4011
2020-06-12,94.6410
2020-06-11,94.8624
2020-06-10,95.3451
2020-06-09,95.0245
2020-06-08,94.2760
2020-06-05,92.9907
2020-06-04,92.0327
2020-06-03,91.4767
2020-06-02,90.8281
2020-06-01,90.4994
2020-05-29,89.9138
2020-05-28,89.3252
2020-05-27,88.6736
2020-05-26,88.2827
2020-05-22,88.3442
2020-05-21,88.6848
2020-05-20,88.8410
2020-05-19,88.8525
2020-05-18,88.9016
2020-05-15,88.7910
2020-05-14,89.0333
2020-05-13,89.5475
2020-05-12,90.3806
2020-05-11,90.7015
2020-05-08,90.8244
2020-05-07,90.8299
2020-05-06,90.7196
2020-05-05,90.4376
2020-05-04,90.0125
2020-05-01,89.9197
2020-04-30,89.7918
2020-04-29,89.0737
2020-04-28,88.3432
2020-04-27,88.1708
2020-04-24,87.8223
2020-04-23,87.5871
2020-04-22,87.4366
2020-04-21,87.1173
2020-04-20,86.9756
2020-04-17,85.9477
2020-04-16,85.2084
2020-04-15,84.4348
2020-04-14,83.8679
2020-04-13,83.0657
2020-04-09,82.1073
2020-04-08,81.4783
2020-04-07,80.4964
2020-04-06,79.8053
2020-04-03,78.3406
2020-04-02,77.5406
2020-04-01,76.8349
2020-03-31,76.7188
2020-03-30,76.4061
2020-03-27,75.3943
2020-03-26,75.3884
2020-03-25,74.6521
2020-03-24,75.5375
2020-03-23,76.9467
2020-03-20,78.6299
2020-03-19,80.9924
2020-03-18,83.1264
2020-03-17,85.3669
2020-03-16,86.9924
2020-03-13,89.5654
2020-03-12,91.1872
2020-03-11,93.4007
2020-03-10,94.9918
2020-03-09,96.2294
2020-03-06,98.3202
2020-03-05,99.9354
2020-03-04,101.5185
2020-03-03,102.7341
2020-03-02,104.3560
2020-02-28,105.5540
2020-02-27,107.3190
2020-02-26,108.9408
2020-02-25,109.9439
2020-02-24,110.8731
2020-02-21,111.3831
2020-02-20,111.7689
2020-02-19,112.0229
2020-02-18,111.7812
2020-02-14,111.3167
2020-02-13,110.6978
2020-02-12,109.3120
2020-02-11,107.9197
2020-02-10,106.7955
2020-02-07,105.5347
2020-02-06,104.4886
2020-02-05,103.4845
2020-02-04,102.5852
2020-02-03,101.8666
2020-01-31,101.2912
2020-01-30,100.8755
2020-01-29,100.8647
2020-01-28,100.7295
2020-01-27,100.5163
2020-01-24,100.3767
2020-01-23,100.1006
2020-01-22,99.5541
2020-01-21,98.8528
2020-01-17,98.4863
2020-01-16,98.1993
2020-01-15,98.0143
2020-01-14,97.8278
2020-01-13,97.6102
2020-01-10,97.5140
2020-01-09,97.3853
2020-01-08,97.2581
2020-01-07,97.2754
2020-01-06,97.3767
2020-01-03,97.4099
2020-01-02,97.4150
2019-12-31,97.3282
2019-12-30,97.3347
2019-12-27,97.4359
2019-12-26,97.4395
2019-12-24,97.3564
2019-12-23,97.2791
2019-12-20,97.1612
2019-12-19,96.9899
2019-12-18,96.7983
2019-12-17,96.6234
2019-12-16,96.4716
2019-12-13,96.3834
2019-12-12,96.4007
2019-12-11,96.2887
2019-12-10,96.3848
2019-12-09,96.5337
2019-12-06,96.5641
2019-12-05,96.6089
2019-12-04,96.7022
2019-12-03,96.8851
2019-12-02,97.0434
2019-11-29,97.1511
2019-11-27,97.1186
2019-11-26,97.1699
2019-11-25,97.2060
2019-11-22,97.1699
2019-11-21,97.4063
2019-11-20,97.6846
2019-11-19,97.9713
2019-11-18,98.0990
2019-11-15,98.2262
2019-11-14,98.1940
2019-11-13,98.0620
2019-11-12,98.0040
2019-11-11,97.7635
2019-11-08,97.6854
2019-11-07,97.4146
2019-11-06,97.0402
2019-11-05,96.7259
2019-11-04,96.4451
2019-11-01,96.0814
2019-10-31,95.9785
2019-10-30,96.0164
2019-10-29,96.5065
2019-10-28,97.1624
2019-10-25,97.5961
2019-10-24,98.1191
2019-10-23,98.6236
2019-10-22,99.0016
2019-10-21,99.3174
2019-10-18,99.9390
2019-10-17,100.5749
2019-10-16,101.1293
2019-10-15,101.0993
2019-10-14,101.1465
2019-10-11,101.3880
2019-10-10,101.4223
2019-10-09,101.5952
2019-10-08,101.8446
2019-10-07,102.0803
2019-10-04,102.1368
2019-10-03,102.0575
2019-10-02,102.1254
2019-10-01,102.1632
2019-09-30,102.0589
2019-09-27,101.8488
2019-09-26,101.8796
2019-09-25,101.8846
2019-09-24,101.9160
2019-09-23,102.1568
2019-09-20,102.1947
2019-09-19,102.1011
2019-09-18,101.9582
2019-09-17,101.5366
2019-09-16,100.9579
2019-09-13,100.4613
2019-09-12,99.8332
2019-09-11,99.0573
2019-09-10,98.1692
2019-09-09,97.0931
2019-09-06,96.1621
2019-09-05,95.7156
2019-09-04,95.2354
2019-09-03,94.9982
2019-08-30,95.0654
2019-08-29,94.9389
2019-08-28,94.7274
2019-08-27,94.6195
2019-08-26,94.9496
2019-08-23,95.2447
2019-08-22,95.7134
2019-08-21,96.1264
2019-08-20,96.3600
2019-08-19,96.7974
2019-08-16,97.0911
2019-08-15,97.9347
2019-08-14,99.1266
2019-08-13,100.2195
2019-08-12,101.0961
2019-08-09,102.1703
2019-08-08,103.1349
2019-08-07,103.7473
2019-08-06,104.5186
2019-08-05,105.2002
2019-08-02,105.8345
2019-08-01,106.0061
2019-07-31,105.9574
2019-07-30,105.5922
2019-07-29,105.1515
2019-07-26,104.6175
2019-07-25,104.0086
2019-07-24,103.3623
2019-07-23,102.6871
2019-07-22,101.9066
2019-07-19,101.2589
2019-07-18,100.6726
2019-07-17,100.1012
2019-07-16,99.8999
2019-07-15,99.6421
2019-07-12,99.2592
2019-07-11,98.9612
2019-07-10,98.7690
2019-07-09,98.6200
2019-07-08,98.6214
2019-07-05,98.5246
2019-07-03,98.3459
2019-07-02,98.0309
2019-07-01,97.7597
2019-06-28,97.4115
2019-06-27,97.2172
2019-06-26,97.0223
2019-06-25,96.7645
2019-06-24,96.5942
2019-06-21,96.2686
2019-06-20,95.8526
2019-06-19,95.3843
2019-06-18,94.9894
2019-06-17,94.7288
2019-06-14,94.2570
2019-06-13,93.6806
2019-06-12,93.2434
2019-06-11,92.8775
2019-06-10,92.4897
2019-06-07,92.3160
2019-06-06,92.2510
2019-06-05,92.5427
2019-06-04,92.8930
2019-06-03,93.0647
2019-05-31,93.4920
2019-05-30,94.1199
2019-05-29,94.4611
2019-05-28,94.7168
2019-05-24,94.7846
2019-05-23,94.9993
2019-05-22,95.2077
2019-05-21,95.2089
2019-05-20,95.1780
2019-05-17,95.4322
2019-05-16,95.7339
2019-05-15,95.8794
2019-05-14,96.1970
2019-05-13,96.5714
2019-05-10,96.9942
2019-05-09,97.1687
2019-05-08,97.2853
2019-05-07,97.4214
2019-05-06,97.6168
2019-05-03,97.5128
2019-05-02,97.5184
2019-05-01,97.4849
2019-04-30,97.8046
2019-04-29,98.0579
2019-04-26,98.4279
2019-04-25,98.7308
2019-04-24,99.0372
2019-04-23,99.1880
2019-04-22,99.3939
2019-04-18,99.7003
2019-04-17,99.8713
2019-04-16,100.1868
2019-04-15,100.0374
2019-04-12,99.9955
2019-04-11,99.7687
2019-04-10,99.4993
2019-04-09,99.2354
2019-04-08,99.1035
2019-04-05,98.8097
2019-04-04,98.5423
2019-04-03,98.4488
2019-04-02,98.1675
2019-04-01,97.9923
2019-03-29,97.7767
2019-03-28,97.6601
2019-03-27,97.5812
2019-03-26,97.5338
2019-03-25,97.3984
2019-03-22,97.2957
2019-03-21,96.9914
2019-03-20,96.5671
2019-03-19,96.3842
2019-03-18,96.2020
2019-03-15,96.0778
2019-03-14,96.0617
2019-03-13,96.0157
2019-03-12,96.0582
2019-03-11,96.1587
2019-03-08,96.2809
2019-03-07,96.5712
2019-03-06,96.7443
2019-03-05,96.8155
2019-03-04,96.8728
2019-03-01,96.8449
2019-02-28,96.6550
2019-02-27,96.6124
2019-02-26,96.3947
2019-02-25,95.9947
2019-02-22,95.5934
2019-02-21,95.1704
2019-02-20,94.9535
2019-02-19,94.6722
2019-02-15,94.3173
2019-02-14,93.9339
2019-02-13,93.6809
2019-02-12,93.3524
2019-02-11,93.1231
2019-02-08,93.0335
2019-02-07,92.9427
2019-02-06,92.7889
2019-02-05,92.5522
2019-02-04,91.6534
2019-02-01,90.8690
2019-01-31,90.0474
2019-01-30,89.1644
2019-01-29,88.2917
2019-01-28,87.3301
2019-01-25,86.4464
2019-01-24,85.6061
2019-01-23,84.7894
2019-01-22,83.8884
2019-01-18,83.5870
2019-01-17,83.1386
2019-01-16,82.4984
2019-01-15,82.0562
2019-01-14,81.5002
2019-01-11,80.9924
2019-01-10,80.4626
2019-01-09,79.7452
2019-01-08,78.8401
2019-01-07,78.2268
2019-01-04,77.8729
2019-01-03,77.8115
2019-01-02,78.0695
2018-12-31,78.1309
2018-12-28,78.5607
2018-12-27,79.0919
2018-12-26,79.6010
2018-12-24,80.2564
2018-12-21,81.1918
2018-12-20,81.7713
2018-12-19,82.5225
2018-12-18,82.8792
2018-12-17,83.4766
2018-12-14,84.0402
2018-12-13,84.1492
2018-12-12,84.3058
2018-12-11,84.2278
2018-12-10,84.1361
2018-12-07,83.8643
2018-12-06,83.8112
2018-12-04,83.3483
2018-12-03,83.2593
2018-11-30,83.0013
2018-11-29,82.8060
2018-11-28,82.7177
2018-11-27,82.5687
2018-11-26,82.6288
2018-11-23,82.9033
2018-11-21,83.3303
2018-11-20,83.6547
2018-11-19,83.9563
2018-11-16,83.8350
2018-11-15,83.3277
2018-11-14,82.9085
2018-11-13,82.4793
2018-11-12,82.0040
2018-11-09,81.8134
2018-11-08,81.7915
2018-11-07,81.8937
2018-11-06,82.0551
2018-11-05,82.6062
2018-11-02,83.2846
2018-11-01,84.1995
2018-10-31,85.1340
2018-10-30,86.4024
2018-10-29,88.4269
2018-10-26,89.8907
2018-10-25,90.9847
2018-10-24,91.8409
2018-10-23,92.8954
2018-10-22,93.9873
2018-10-19,95.2387
2018-10-18,96.5963
2018-10-17,98.0104
2018-10-16,99.3162
2018-10-15,99.9041
2018-10-12,100.7126
2018-10-11,101.4183
2018-10-10,102.2685
2018-10-09,102.8761
2018-10-08,102.9898
2018-10-05,103.1015
2018-10-04,103.2596
2018-10-03,103.2487
2018-10-02,102.9653
2018-10-01,102.6118
2018-09-28,102.2671
2018-09-27,102.0709
2018-09-26,101.8972
2018-09-25,101.5539
2018-09-24,101.3891
2018-09-21,101.0907
2018-09-20,100.6888
2018-09-19,100.3646
2018-09-18,100.2011
2018-09-17,100.0049
2018-09-14,99.9054
2018-09-13,99.7420
2018-09-12,99.6459
2018-09-11,99.6473
2018-09-10,99.6609
2018-09-07,99.6875
2018-09-06,99.6820
2018-09-05,99.6037
2018-09-04,99.5567
2018-08-31,99.6132
2018-08-30,99.5846
2018-08-29,99.5444
2018-08-28,99.2972
2018-08-27,99.0771
2018-08-24,98.8060
2018-08-23,98.6998
2018-08-22,98.6589
2018-08-21,98.6639
2018-08-20,98.6273
2018-08-17,98.4879
2018-08-16,98.4917
2018-08-15,98.2251
2018-08-14,98.0923
2018-08-13,98.0933
2018-08-10,98.1764
2018-08-09,98.1159
2018-08-08,98.1409
2018-08-07,98.1227
2018-08-06,98.0802
2018-08-03,98.0580
2018-08-02,97.9670
2018-08-01,98.3902
2018-07-31,98.4589
2018-07-30,98.3619
2018-07-27,98.3599
2018-07-26,98.4104
2018-07-25,98.3929
2018-07-24,98.2797
2018-07-23,98.1672
2018-07-20,98.0789
2018-07-19,97.8181
2018-07-18,97.2918
2018-07-17,96.9582
2018-07-16,96.7136
2018-07-13,96.3255
2018-07-12,95.9306
2018-07-11,95.3261
2018-07-10,94.9312
2018-07-09,94.5323
2018-07-06,94.3227
2018-07-05,94.2398
2018-07-03,94.3207
2018-07-02,94.6125
2018-06-29,94.9238
2018-06-28,95.3072
2018-06-27,95.6550
2018-06-26,96.2527
2018-06-25,96.7776
2018-06-22,97.3026
2018-06-21,97.6301
2018-06-20,97.9070
2018-06-19,98.0472
2018-06-18,98.0337
2018-06-15,97.9367
2018-06-14,97.7049
2018-06-13,97.4427
2018-06-12,97.1914
2018-06-11,96.8106
2018-06-08,96.6125
2018-06-07,96.4730
2018-06-06,96.4265
2018-06-05,96.4521
2018-06-04,96.5728
2018-06-01,96.6429
2018-05-31,96.8147
2018-05-30,97.0384
2018-05-29,97.1139
2018-05-25,97.3214
2018-05-24,97.3551
2018-05-23,97.3666
2018-05-22,97.2278
2018-05-21,96.9820
2018-05-18,96.7239
2018-05-17,96.6069
2018-05-16,96.3336
2018-05-15,96.0821
2018-05-14,96.0606
2018-05-11,95.9987
2018-05-10,96.0489
2018-05-09,96.1084
2018-05-08,96.2257
2018-05-07,96.3963
2018-05-04,96.5723
2018-05-03,96.6383
2018-05-02,97.0189
2018-05-01,97.4415
2018-04-30,98.5019
2018-04-27,99.3638
2018-04-26,100.0456
2018-04-25,100.8021
2018-04-24,101.4300
2018-04-23,102.0852
2018-04-20,102.5405
2018-04-19,102.9184
2018-04-18,103.3403
2018-04-17,103.6956
2018-04-16,102.9584
2018-04-13,102.4371
2018-04-12,102.2185
2018-04-11,101.8486
2018-04-10,101.6186
2018-04-09,101.4840
2018-04-06,101.2307
2018-04-05,101.3320
2018-04-04,101.5093
2018-04-03,101.6480
2018-04-02,102.1479
2018-03-29,102.8271
2018-03-28,103.2390
2018-03-27,103.6122
2018-03-26,104.1061
2018-03-23,104.5654
2018-03-22,105.2599
2018-03-21,105.5345
2018-03-20,105.6432
2018-03-19,105.6112
2018-03-16,105.5845
2018-03-15,105.1999
2018-03-14,104.8133
2018-03-13,104.6607
2018-03-12,104.4761
2018-03-09,104.3641
2018-03-08,104.1115
2018-03-07,103.9095
2018-03-06,103.6189
2018-03-05,103.5816
2018-03-02,103.5303
2018-03-01,103.6316
2018-02-28,103.6949
2018-02-27,103.3563
2018-02-26,103.0130
2018-02-23,102.4085
2018-02-22,101.8799
2018-02-21,101.8214
2018-02-20,101.8092
2018-02-16,101.5316
2018-02-15,101.6149
2018-02-14,101.9320
2018-02-13,102.4181
2018-02-12,103.1662
2018-02-09,104.0808
2018-02-08,105.1570
2018-02-07,106.2378
2018-02-06,106.9979
2018-02-05,107.7178
2018-02-02,108.3822
2018-02-01,108.6026
2018-01-31,109.0460
2018-01-30,109.3726
2018-01-29,109.3878
2018-01-26,109.1463
2018-01-25,108.9391
2018-01-24,108.8540
2018-01-23,108.7524
2018-01-22,108.5690
2018-01-19,108.5617
2018-01-18,108.5175
2018-01-17,107.8161
2018-01-16,106.8659
2018-01-12,106.1777
2018-01-11,105.5773
2018-01-10,104.8469
2018-01-09,104.0980
2018-01-08,103.3504
2018-01-05,102.5606
2018-01-04,101.9311
2018-01-03,101.3722
2018-01-02,101.0317
2017-12-29,100.9163
2017-12-28,100.9545
2017-12-27,100.9460
2017-12-26,101.1842
2017-12-22,101.3544
2017-12-21,101.5068
2017-12-20,101.6434
2017-12-19,101.7193
2017-12-18,101.8592
2017-12-15,102.0657
2017-12-14,102.2148
2017-12-13,102.2128
2017-12-12,102.1891
2017-12-11,101.9073
2017-12-08,101.6810
2017-12-07,101.4850
2017-12-06,101.3663
2017-12-05,101.2244
2017-12-04,100.9051
2017-12-01,100.4108
2017-11-30,100.0387
2017-11-29,99.5854
2017-11-28,99.2779
2017-11-27,99.0094
2017-11-24,98.8233
2017-11-22,98.7217
2017-11-21,98.6097
2017-11-20,98.4714
2017-11-17,98.3948
2017-11-16,98.4682
2017-11-15,98.6473
2017-11-14,99.0042
2017-11-13,99.2448
2017-11-10,99.5374
2017-11-09,99.7355
2017-11-08,99.8531
2017-11-07,99.9788
2017-11-06,100.2748
2017-11-03,100.8438
2017-11-02,101.5292
2017-11-01,102.0224
2017-10-31,102.3817
2017-10-30,101.8904
2017-10-27,101.3985
2017-10-26,100.9686
2017-10-25,100.5394
2017-10-24,100.1556
2017-10-23,99.6734
2017-10-20,98.8790
2017-10-19,97.8605
2017-10-18,96.9341
2017-10-17,96.0815
2017-10-16,96.0972
2017-10-13,96.0861
2017-10-12,95.9541
2017-10-11,95.8646
2017-10-10,95.7366
2017-10-09,95.6098
2017-10-06,95.5105
2017-10-05,95.4223
2017-10-04,95.3270
2017-10-03,95.2878
2017-10-02,95.1316
2017-09-29,94.9938
2017-09-28,94.9768
2017-09-27,94.9689
2017-09-26,94.9905
2017-09-25,94.9382
2017-09-22,94.8723
2017-09-21,94.6972
2017-09-20,94.5430
2017-09-19,94.4084
2017-09-18,94.3202
2017-09-15,94.2895
2017-09-14,94.1726
2017-09-13,93.9779
2017-09-12,93.7917
2017-09-11,93.5794
2017-09-08,93.5062
2017-09-07,93.5382
2017-09-06,93.4885
2017-09-05,93.3050
2017-09-01,93.1279
2017-08-31,92.8418
2017-08-30,92.6896
2017-08-29,92.6856
2017-08-28,92.6157
2017-08-25,92.6033
2017-08-24,92.4792
2017-08-23,92.4073
2017-08-22,92.3831
2017-08-21,92.4550
2017-08-18,92.5623
2017-08-17,92.8199
2017-08-16,92.9980
2017-08-15,93.0268
2017-08-14,93.1387
2017-08-11,93.1935
2017-08-10,93.2551
2017-08-09,93.3671
2017-08-08,93.5025
2017-08-07,93.6693
2017-08-04,93.8322
2017-08-03,93.9563
2017-08-02,94.1322
2017-08-01,94.3313
2017-07-31,94.8937
2017-07-28,95.4329
2017-07-27,96.0761
2017-07-26,96.6295
2017-07-25,97.1687
2017-07-24,97.6212
2017-07-21,98.1016
2017-07-20,98.4804
2017-07-19,98.7843
2017-07-18,99.1812
2017-07-17,99.2834
2017-07-14,99.3364
2017-07-13,99.3293
2017-07-12,99.4385
2017-07-11,99.5064
2017-07-10,99.6383
2017-07-07,99.6829
2017-07-06,99.7773
2017-07-05,99.8697
2017-07-03,99.9525
2017-06-30,99.9046
2017-06-29,100.0048
2017-06-28,100.0106
2017-06-27,99.9130
2017-06-26,99.8807
2017-06-23,99.8775
2017-06-22,99.8768
2017-06-21,99.7281
2017-06-20,99.5465
2017-06-19,99.3797
2017-06-16,99.2226
2017-06-15,99.0073
2017-06-14,98.9071
2017-06-13,98.8308
2017-06-12,98.6679
2017-06-09,98.4940
2017-06-08,98.4358
2017-06-07,98.4623
2017-06-06,98.5302
2017-06-05,98.5477
2017-06-02,98.5199
2017-06-01,98.4378
2017-05-31,98.3253
2017-05-30,98.3931
2017-05-26,98.3789
2017-05-25,98.2419
2017-05-24,98.0770
2017-05-23,97.9956
2017-05-22,98.0007
2017-05-19,98.0259
2017-05-18,98.1271
2017-05-17,98.5619
2017-05-16,98.9602
2017-05-15,99.2107
2017-05-12,99.5849
2017-05-11,100.1257
2017-05-10,100.6502
2017-05-09,101.1193
2017-05-08,101.5540
2017-05-05,101.9522
2017-05-04,102.2934
2017-05-03,102.5015
2017-05-02,102.6974
2017-05-01,103.3984
2017-04-28,104.1833
2017-04-27,104.7749
2017-04-26,105.4368
2017-04-25,106.1103
2017-04-24,106.8024
2017-04-21,107.5316
2017-04-20,108.3043
2017-04-19,108.9817
2017-04-18,109.8031
2017-04-17,110.0880
2017-04-13,110.2826
2017-04-12,110.5598
2017-04-11,110.7698
2017-04-10,111.0214
2017-04-07,111.1859
2017-04-06,111.2941
2017-04-05,111.4459
2017-04-04,111.5675
2017-04-03,111.5265
2017-03-31,111.6033
2017-03-30,111.7000
2017-03-29,111.9164
2017-03-28,112.0361
2017-03-27,112.1136
2017-03-24,112.2858
2017-03-23,112.5419
2017-03-22,112.6930
2017-03-21,112.9920
2017-03-20,113.4081
2017-03-17,113.7135
2017-03-16,113.9952
2017-03-15,114.2058
2017-03-14,114.5989
2017-03-13,114.8614
2017-03-10,115.0496
2017-03-09,115.2749
2017-03-08,115.5611
2017-03-07,115.6700
2017-03-06,115.6623
2017-03-03,115.6751
2017-03-02,115.7634
2017-03-01,115.8371
2017-02-28,115.7205
2017-02-27,115.6911
2017-02-24,115.6450
2017-02-23,115.3799
2017-02-22,115.0291
2017-02-21,114.7668
2017-02-17,114.3964
2017-02-16,113.9971
2017-02-15,113.4704
2017-02-14,112.9094
2017-02-13,112.4621
2017-02-10,112.1455
2017-02-09,111.9676
2017-02-08,111.9703
2017-02-07,112.0160
2017-02-06,111.8534
2017-02-03,111.5466
2017-02-02,111.2119
2017-02-01,110.7184
2017-01-31,110.2426
2017-01-30,109.8215
2017-01-27,109.2842
2017-01-26,108.6903
2017-01-25,107.9973
2017-01-24,107.1862
2017-01-23,106.6622
2017-01-20,106.5669
2017-01-19,106.4494
2017-01-18,106.6050
2017-01-17,106.6298
2017-01-13,106.5091
2017-01-12,106.4621
2017-01-11,106.3503
2017-01-10,106.3116
2017-01-09,106.3872
2017-01-06,106.3497
2017-01-05,106.2100
2017-01-04,106.1401
2017-01-03,105.9762
2016-12-30,105.9470
2016-12-29,106.0760
2016-12-28,106.1973
2016-12-27,106.3307
2016-12-23,106.2265
2016-12-22,106.2144
2016-12-21,106.1064
2016-12-20,105.9451
2016-12-19,105.4846
2016-12-16,105.0502
2016-12-15,104.6240
2016-12-14,104.1031
2016-12-13,103.7036
2016-12-12,103.4013
2016-12-09,103.3390
2016-12-08,103.1244
2016-12-07,102.9097
2016-12-06,102.7750
2016-12-05,102.9287
2016-12-02,102.9637
2016-12-01,102.9497
2016-11-30,102.9160
2016-11-29,102.6905
2016-11-28,102.3526
2016-11-25,102.1462
2016-11-23,101.9607
2016-11-22,101.5053
2016-11-21,101.0290
2016-11-18,100.4927
2016-11-17,99.9006
2016-11-16,99.3421
2016-11-15,98.7896
2016-11-14,98.3293
2016-11-11,97.9550
2016-11-10,97.3182
2016-11-09,96.7948
2016-11-08,96.5180
2016-11-07,96.1598
2016-11-04,95.8357
2016-11-03,95.6594
2016-11-02,95.6059
2016-11-01,95.5625
2016-10-31,95.4322
2016-10-28,95.5001
2016-10-27,95.6160
2016-10-26,95.6393
2016-10-25,95.7954
2016-10-24,96.0415
2016-10-21,96.4475
2016-10-20,96.8277
2016-10-19,97.1651
2016-10-18,97.5315
2016-10-17,97.8928
2016-10-14,98.0716
2016-10-13,98.3486
2016-10-12,98.6249
2016-10-11,98.8767
2016-10-10,99.0013
2016-10-07,98.8100
2016-10-06,98.7665
2016-10-05,98.7181
2016-10-04,98.6205
2016-10-03,98.4940
2016-09-30,98.3215
2016-09-29,98.0061
2016-09-28,97.8519
2016-09-27,97.5850
2016-09-26,97.5246
2016-09-23,97.7959
2016-09-22,97.8406
2016-09-21,98.0225
2016-09-20,98.4071
2016-09-19,98.7785
2016-09-16,99.0731
2016-09-15,99.4319
2016-09-14,99.6346
2016-09-13,99.9714
2016-09-12,100.2175
2016-09-09,100.2194
2016-09-08,100.4044
2016-09-07,100.4076
2016-09-06,100.3207
2016-09-02,100.2987
2016-09-01,100.3295
2016-08-31,100.4441
2016-08-30,100.5423
2016-08-29,100.6241
2016-08-26,100.7601
2016-08-25,100.9886
2016-08-24,101.2971
2016-08-23,101.4878
2016-08-22,101.5828
2016-08-19,101.7113
2016-08-18,101.8409
2016-08-17,101.7657
2016-08-16,101.6936
2016-08-15,101.5994
2016-08-12,101.4853
2016-08-11,101.3150
2016-08-10,101.0920
2016-08-09,100.9890
2016-08-08,100.9236
2016-08-05,100.8743
2016-08-04,100.7851
2016-08-03,100.7164
2016-08-02,100.7595
2016-08-01,100.6971
2016-07-29,100.5979
2016-07-28,100.5454
2016-07-27,100.4774
2016-07-26,100.2396
2016-07-25,99.9226
2016-07-22,99.4658
2016-07-21,98.9908
2016-07-20,98.5009
2016-07-19,97.9399
2016-07-18,97.4468
2016-07-15,96.9781
2016-07-14,96.4789
2016-07-13,95.7412
2016-07-12,94.9723
2016-07-11,94.1273
2016-07-08,93.5818
2016-07-07,93.6374
2016-07-06,93.6573
2016-07-05,93.7622
2016-07-01,93.8826
2016-06-30,93.8602
2016-06-29,93.8152
2016-06-28,93.9538
2016-06-27,94.2883
2016-06-24,94.7738
2016-06-23,95.1346
2016-06-22,95.0141
2016-06-21,95.0815
2016-06-20,95.0366
2016-06-17,94.9817
2016-06-16,95.0378
2016-06-15,95.1901
2016-06-14,95.3043
2016-06-13,95.4716
2016-06-10,95.5689
2016-06-09,95.5733
2016-06-08,95.4653
2016-06-07,95.1102
2016-06-06,94.7008
2016-06-03,94.3588
2016-06-02,93.8620
2016-06-01,93.4776
2016-05-31,93.1961
2016-05-27,92.9290
2016-05-26,92.6095
2016-05-25,92.3848
2016-05-24,92.2138
2016-05-23,92.3174
2016-05-20,92.3530
2016-05-19,92.3555
2016-05-18,92.3655
2016-05-17,92.0879
2016-05-16,91.7617
2016-05-13,91.4149
2016-05-12,91.2180
2016-05-11,91.0211
2016-05-10,91.0276
2016-05-09,90.8844
2016-05-06,90.8887
2016-05-05,90.8770
2016-05-04,91.0519
2016-05-03,91.1669
2016-05-02,91.1589
2016-04-29,91.6077
2016-04-28,91.9650
2016-04-27,92.2179
2016-04-26,92.2649
2016-04-25,92.2989
2016-04-22,92.3261
2016-04-21,92.3786
2016-04-20,92.3137
2016-04-19,92.5554
2016-04-18,92.9264
2016-04-15,92.8979
2016-04-14,92.9474
2016-04-13,92.9653
2016-04-12,92.7910
2016-04-11,92.7724
2016-04-08,92.7199
2016-04-07,92.6333
2016-04-06,92.4571
2016-04-05,92.3384
2016-04-04,92.2537
2016-04-01,91.9459
2016-03-31,91.6071
2016-03-30,91.1954
2016-03-29,90.8584
2016-03-28,90.4535
2016-03-24,90.0801
2016-03-23,89.6004
2016-03-22,89.2919
2016-03-21,88.7336
2016-03-18,88.2094
2016-03-17,87.6351
2016-03-16,87.0638
2016-03-15,86.5390
2016-03-14,86.0079
2016-03-11,85.2815
2016-03-10,84.6429
2016-03-09,84.2911
2016-03-08,83.8207
2016-03-07,83.4083
2016-03-04,83.0139
2016-03-03,82.7221
2016-03-02,82.3914
2016-03-01,81.7608
2016-02-29,81.0418
2016-02-26,80.4242
2016-02-25,79.5476
2016-02-24,78.6629
2016-02-23,78.1232
2016-02-22,77.7881
2016-02-19,77.3861
2016-02-18,76.9704
2016-02-17,76.4144
2016-02-16,76.1420
2016-02-12,76.1930
2016-02-11,76.3467
2016-02-10,76.5403
2016-02-09,76.5121
2016-02-08,76.3438
2016-02-05,75.9644
2016-02-04,75.5929
2016-02-03,75.3029
2016-02-02,75.1279
2016-02-01,75.4442
2016-01-29,75.7625
2016-01-28,76.2594
2016-01-27,76.8071
2016-01-26,77.5377
2016-01-25,78.1888
2016-01-22,78.7732
2016-01-21,79.4072
2016-01-20,80.1575
2016-01-19,81.0136
2016-01-15,81.4934
2016-01-14,81.9578
2016-01-13,82.3513
2016-01-12,82.8782
2016-01-11,83.1664
2016-01-08,83.4736
2016-01-07,83.8965
2016-01-06,84.2067
2016-01-05,84.2269
2016-01-04,84.1688
2015-12-31,84.2178
2015-12-30,84.3200
2015-12-29,84.2251
2015-12-28,83.9895
2015-12-24,83.8035
2015-12-23,83.7135
2015-12-22,83.5954
2015-12-21,83.6028
2015-12-18,83.8506
2015-12-17,84.1890
2015-12-16,84.3218
2015-12-15,84.3469
2015-12-14,84.5605
2015-12-11,84.7740
2015-12-10,85.0121
2015-12-09,85.0867
2015-12-08,85.2085
2015-12-07,85.2336
2015-12-04,85.1693
2015-12-03,84.9435
2015-12-02,84.7538
2015-12-01,84.3940
2015-11-30,83.9308
2015-11-27,83.4614
2015-11-25,83.1297
2015-11-24,82.9474
2015-11-23,82.7558
2015-11-20,82.5631
2015-11-19,82.5478
2015-11-18,82.6608
2015-11-17,82.9356
2015-11-16,83.3479
2015-11-13,83.6755
2015-11-12,84.1054
2015-11-11,84.4848
2015-11-10,84.7601
2015-11-09,84.8277
2015-11-06,85.2568
2015-11-05,85.5678
2015-11-04,85.8224
2015-11-03,85.7794
2015-11-02,85.7042
2015-10-30,86.2408
2015-10-29,86.8658
2015-10-28,87.4442
2015-10-27,88.0007
2015-10-26,88.7136
2015-10-23,89.1671
2015-10-22,89.6345
2015-10-21,90.1311
2015-10-20,90.6870
2015-10-19,91.1805
2015-10-16,91.1696
2015-10-15,90.8173
2015-10-14,90.4233
2015-10-13,90.1177
2015-10-12,89.6843
2015-10-09,89.1617
2015-10-08,88.7391
2015-10-07,88.2620
2015-10-06,87.8722
2015-10-05,87.6085
2015-10-02,87.4533
2015-10-01,87.4490
2015-09-30,87.7249
2015-09-29,87.9334
2015-09-28,88.2402
2015-09-25,88.4299
2015-09-24,88.5481
2015-09-23,88.6567
2015-09-22,88.7409
2015-09-21,88.9107
2015-09-18,88.7421
2015-09-17,88.8798
2015-09-16,88.6924
2015-09-15,88.3450
2015-09-14,88.3669
2015-09-11,88.5081
2015-09-10,88.5791
2015-09-09,88.6094
2015-09-08,88.3614
2015-09-04,88.1335
2015-09-03,88.4457
2015-09-02,88.8022
2015-09-01,89.3411
2015-08-31,90.1492
2015-08-28,90.6597
2015-08-27,91.1308
2015-08-26,91.5266
2015-08-25,92.1002
2015-08-24,92.9822
2015-08-21,93.7873
2015-08-20,94.1675
2015-08-19,94.3894
2015-08-18,94.5505
2015-08-17,94.5681
2015-08-14,94.6342
2015-08-13,94.9315
2015-08-12,95.2081
2015-08-11,95.4264
2015-08-10,95.6217
2015-08-07,95.6828
2015-08-06,95.8836
2015-08-05,96.1307
2015-08-04,96.2780
2015-08-03,96.6069
2015-07-31,97.4793
2015-07-30,98.1118
2015-07-29,98.7155
2015-07-28,99.1628
2015-07-27,99.6775
2015-07-24,100.2974
2015-07-23,100.7302
2015-07-22,100.8577
2015-07-21,101.0267
2015-07-20,101.1427
2015-07-17,100.6322
2015-07-16,100.1861
2015-07-15,99.7947
2015-07-14,99.4418
2015-07-13,99.1027
2015-07-10,98.8670
2015-07-09,98.8147
2015-07-08,99.0023
2015-07-07,99.3305
2015-07-06,99.4947
2015-07-02,99.6306
2015-07-01,99.8206
2015-06-30,99.9817
2015-06-29,100.2330
2015-06-26,100.4308
2015-06-25,100.5228
2015-06-24,100.6852
2015-06-23,100.8024
2015-06-22,100.6256
2015-06-19,100.4819
2015-06-18,100.5066
2015-06-17,100.5144
2015-06-16,100.6797
2015-06-15,100.8487
2015-06-12,101.0844
2015-06-11,101.2443
2015-06-10,101.4205
2015-06-09,101.6057
2015-06-08,101.8732
2015-06-05,102.2869
2015-06-04,102.6440
2015-06-03,102.9675
2015-06-02,103.1815
2015-06-01,103.3866
2015-05-29,103.5718
2015-05-28,103.8363
2015-05-27,103.8706
2015-05-26,103.7834
2015-05-22,103.8429
2015-05-21,103.8706
2015-05-20,103.7293
2015-05-19,103.5062
2015-05-18,103.4032
2015-05-15,103.3786
2015-05-14,103.3240
2015-05-13,103.0799
2015-05-12,103.1278
2015-05-11,103.2511
2015-05-08,103.1498
2015-05-07,102.8980
2015-05-06,102.7752
2015-05-05,102.4178
2015-05-04,101.8915
2015-05-01,101.4255
2015-04-30,100.6498
2015-04-29,100.1629
2015-04-28,99.5501
2015-04-27,98.8568
2015-04-24,98.3586
2015-04-23,97.9456
2015-04-22,97.4743
2015-04-21,97.2648
2015-04-20,97.1341
2015-04-17,96.8883
2015-04-16,96.8752
2015-04-15,96.6395
2015-04-14,96.4229
2015-04-13,96.4450
2015-04-10,96.3268
2015-04-09,96.1914
2015-04-08,96.0040
2015-04-07,96.0726
2015-04-06,96.2254
2015-04-02,96.2755
2015-04-01,96.2373
2015-03-31,96.2749
2015-03-30,96.0637
2015-03-27,95.7301
2015-03-26,95.3650
2015-03-25,95.2092
2015-03-24,95.0660
2015-03-23,94.7564
2015-03-20,94.5260
2015-03-19,94.2647
2015-03-18,94.3464
2015-03-17,94.3232
2015-03-16,94.5660
2015-03-13,94.7689
2015-03-12,95.2259
2015-03-11,95.3984
2015-03-10,95.7570
2015-03-09,96.1759
2015-03-06,96.3036
2015-03-05,96.6109
2015-03-04,96.7726
2015-03-03,96.9378
2015-03-02,96.9337
2015-02-27,96.9289
2015-02-26,96.7248
2015-02-25,96.5655
2015-02-24,96.3119
2015-02-23,95.7701
2015-02-20,95.4008
2015-02-19,94.9926
2015-02-18,94.5138
2015-02-17,94.2259
2015-02-13,93.7857
2015-02-12,93.2989
2015-02-11,93.0528
2015-02-10,92.5930
2015-02-09,92.2373
2015-02-06,92.2087
2015-02-05,92.0932
2015-02-04,91.9438
2015-02-03,91.6553
2015-02-02,91.5652
2015-01-30,91.7122
2015-01-29,91.7868
2015-01-28,91.8058
2015-01-27,92.1174
2015-01-26,92.2816
2015-01-23,92.4445
2015-01-22,92.5956
2015-01-21,92.5755
2015-01-20,92.8113
2015-01-16,92.9630
2015-01-15,93.2545
2015-01-14,93.6023
2015-01-13,93.8542
2015-01-12,94.0734
2015-01-09,94.4230
2015-01-08,94.5836
2015-01-07,94.8099
2015-01-06,95.1885
2015-01-05,95.3331
2015-01-02,95.2247
2014-12-31,94.6244
2014-12-30,94.0894
2014-12-29,93.6752
2014-12-26,93.3712
2014-12-24,93.2960
2014-12-23,93.2184
2014-12-22,93.2628
2014-12-19,93.2877
2014-12-18,93.5697
2014-12-17,93.9472
2014-12-16,94.6932
2014-12-15,95.3604
2014-12-12,95.8628
2014-12-11,96.2651
2014-12-10,96.3173
2014-12-09,96.3914
2014-12-08,96.3416
2014-12-05,96.2859
2014-12-04,96.1301
2014-12-03,95.9748
2014-12-02,95.8190
2014-12-01,95.9073
2014-11-28,96.0625
2014-11-26,96.0992
2014-11-25,96.0975
2014-11-24,96.1887
2014-11-21,96.2681
2014-11-20,96.3363
2014-11-19,96.3848
2014-11-18,96.3431
2014-11-17,96.3229
2014-11-14,96.2688
2014-11-13,96.2171
2014-11-12,96.2437
2014-11-11,96.2694
2014-11-10,96.2216
2014-11-07,96.0607
2014-11-06,95.9963
2014-11-05,95.9739
2014-11-04,95.9722
2014-11-03,96.0063
2014-10-31,96.2852
2014-10-30,97.3240
2014-10-29,98.2356
2014-10-28,99.3120
2014-10-27,100.5008
2014-10-24,101.7750
2014-10-23,103.1786
2014-10-22,104.6051
2014-10-21,106.2277
2014-10-20,107.5507
2014-10-17,108.7242
2014-10-16,109.1138
2014-10-15,109.5299
2014-10-14,109.8488
2014-10-13,110.2037
2014-10-10,110.5639
2014-10-09,110.8070
2014-10-08,110.9594
2014-10-07,111.1330
2014-10-06,111.4808
2014-10-03,111.7203
2014-10-02,112.0340
2014-10-01,112.4366
2014-09-30,112.7679
2014-09-29,112.9521
2014-09-26,113.0798
2014-09-25,113.1516
2014-09-24,113.3111
2014-09-23,113.2658
2014-09-22,113.1699
2014-09-19,112.9951
2014-09-18,112.8303
2014-09-17,112.6496
2014-09-16,112.5996
2014-09-15,112.5172
2014-09-12,112.5460
2014-09-11,112.5884
2014-09-10,112.6196
2014-09-09,112.7049
2014-09-08,112.7738
2014-09-05,112.7897
2014-09-04,112.7914
2014-09-03,112.7573
2014-09-02,112.6467
2014-08-29,112.5172
2014-08-28,112.2276
2014-08-27,111.9852
2014-08-26,111.7321
2014-08-25,111.3996
2014-08-22,111.1824
2014-08-21,110.9600
2014-08-20,110.5521
2014-08-19,110.3091
2014-08-18,110.0695
2014-08-15,110.0204
2014-08-14,110.0591
2014-08-13,110.2158
2014-08-12,110.5047
2014-08-11,110.8629
2014-08-08,111.2842
2014-08-07,111.6742
2014-08-06,112.2505
2014-08-05,112.6343
2014-08-04,113.0432
2014-08-01,113.1140
2014-07-31,113.3100
2014-07-30,113.3580
2014-07-29,113.2621
2014-07-28,112.9063
2014-07-25,112.5600
2014-07-24,112.1855
2014-07-23,111.7444
2014-07-22,111.4396
2014-07-21,111.0377
2014-07-18,110.8733
2014-07-17,110.6410
2014-07-16,110.4011
2014-07-15,110.0495
2014-07-14,109.6271
2014-07-11,109.1503
2014-07-10,108.7039
2014-07-09,108.2955
2014-07-08,107.8544
2014-07-07,107.5571
2014-07-03,107.1774
2014-07-02,106.8434
2014-07-01,106.5631
2014-06-30,106.3238
2014-06-27,106.3870
2014-06-26,106.4368
2014-06-25,106.4865
2014-06-24,106.5760
2014-06-23,106.7755
2014-06-20,107.0142
2014-06-19,107.2962
2014-06-18,107.4811
2014-06-17,107.5343
2014-06-16,107.6578
2014-06-13,107.8532
2014-06-12,107.9585
2014-06-11,108.1071
2014-06-10,108.1557
2014-06-09,108.1843
2014-06-06,108.1680
2014-06-05,108.1276
2014-06-04,108.1516
2014-06-03,108.1738
2014-06-02,108.3277
2014-05-30,108.4078
2014-05-29,108.5307
2014-05-28,108.8209
2014-05-27,109.3539
2014-05-23,109.8096
2014-05-22,110.0518
2014-05-21,110.2408
2014-05-20,110.4111
2014-05-19,110.6476
2014-05-16,110.8321
2014-05-15,111.0237
2014-05-14,111.3719
2014-05-13,111.7589
2014-05-12,111.8638
2014-05-09,111.8319
2014-05-08,111.7415
2014-05-07,111.7538
2014-05-06,111.8312
2014-05-05,111.9545
2014-05-02,112.0132
2014-05-01,111.9300
2014-04-30,112.0970
2014-04-29,112.1290
2014-04-28,112.2837
2014-04-25,112.4030
2014-04-24,112.7549
2014-04-23,113.1283
2014-04-22,113.2190
2014-04-21,113.3569
2014-04-17,113.3278
2014-04-16,113.4837
2014-04-15,113.3179
2014-04-14,113.1714
2014-04-11,112.8642
2014-04-10,112.5885
2014-04-09,112.2482
2014-04-08,112.0144
2014-04-07,112.1162
2014-04-04,111.7515
2014-04-03,111.4548
2014-04-02,111.1762
2014-04-01,110.6620
2014-03-31,110.2147
2014-03-28,109.8261
2014-03-27,109.3468
2014-03-26,109.0019
2014-03-25,108.6296
2014-03-24,108.1480
2014-03-21,108.0398
2014-03-20,108.0985
2014-03-19,108.0834
2014-03-18,108.2248
2014-03-17,108.2032
2014-03-14,108.1131
2014-03-13,108.2853
2014-03-12,108.3649
2014-03-11,108.2393
2014-03-10,108.0340
2014-03-07,107.8630
2014-03-06,107.5785
2014-03-05,107.3819
2014-03-04,107.1382
2014-03-03,106.9491
2014-02-28,106.9160
2014-02-27,106.7223
2014-02-26,106.4297
2014-02-25,106.1761
2014-02-24,105.8218
2014-02-21,105.4612
2014-02-20,104.9889
2014-02-19,104.3512
2014-02-18,103.7088
2014-02-14,103.0558
2014-02-13,102.5925
2014-02-12,102.2761
2014-02-11,101.9972
2014-02-10,101.7758
2014-02-07,101.7640
2014-02-06,101.8465
2014-02-05,102.2578
2014-02-04,102.7212
2014-02-03,103.6232
2014-01-31,104.6177
2014-01-30,105.3165
2014-01-29,105.9170
2014-01-28,106.4678
2014-01-27,106.8907
2014-01-24,107.4322
2014-01-23,107.8800
2014-01-22,108.1831
2014-01-21,108.6147
2014-01-17,108.4741
2014-01-16,108.2746
2014-01-15,108.0877
2014-01-14,108.0779
2014-01-13,108.1062
2014-01-10,108.1594
2014-01-09,108.0489
2014-01-08,107.8083
2014-01-07,107.4762
2014-01-06,106.9156
2014-01-03,106.5812
2014-01-02,106.1218
2013-12-31,105.5566
2013-12-30,104.9943
2013-12-27,104.2069
2013-12-26,103.5294
2013-12-24,102.9422
2013-12-23,102.5893
2013-12-20,102.3134
2013-12-19,102.1774
2013-12-18,101.9379
2013-12-17,101.7666
2013-12-16,101.7852
2013-12-13,101.7638
2013-12-12,102.1618
2013-12-11,102.4858
2013-12-10,102.6078
2013-12-09,102.7131
2013-12-06,102.9353
2013-12-05,103.3090
2013-12-04,103.8361
2013-12-03,104.3862
2013-12-02,104.8716
2013-11-29,105.2020
2013-11-27,105.3483
2013-11-26,105.6133
2013-11-25,105.9465
2013-11-22,106.1745
2013-11-21,106.0987
2013-11-20,105.8598
2013-11-19,105.5126
2013-11-18,105.0303
2013-11-15,104.7323
2013-11-14,104.4485
2013-11-13,104.2203
2013-11-12,103.9686
2013-11-11,103.8581
2013-11-08,103.4840
2013-11-07,103.2484
2013-11-06,103.0669
2013-11-05,102.8154
2013-11-04,102.6497
2013-11-01,102.2232
2013-10-31,101.9096
2013-10-30,101.6575
2013-10-29,102.0362
2013-10-28,102.1824
2013-10-25,102.7360
2013-10-24,103.2718
2013-10-23,103.6729
2013-10-22,103.9923
2013-10-21,104.2081
2013-10-18,104.7346
2013-10-17,105.3285
2013-10-16,105.8482
2013-10-15,105.7463
2013-10-14,105.8453
2013-10-11,105.7423
2013-10-10,105.7860
2013-10-09,106.0997
2013-10-08,106.5687
2013-10-07,107.2161
2013-10-04,107.7329
2013-10-03,108.0736
2013-10-02,108.6220
2013-10-01,109.1664
2013-09-30,109.4990
2013-09-27,109.9577
2013-09-26,110.2598
2013-09-25,110.2892
2013-09-24,110.3600
2013-09-23,110.1660
2013-09-20,109.8202
2013-09-19,109.4179
2013-09-18,108.8862
2013-09-17,108.2364
2013-09-16,107.7646
2013-09-13,107.1384
2013-09-12,106.5900
2013-09-11,106.0968
2013-09-10,105.6387
2013-09-09,105.5317
2013-09-06,105.5570
2013-09-05,105.6813
2013-09-04,105.7222
2013-09-03,105.8045
2013-08-30,105.8200
2013-08-29,105.9967
2013-08-28,106.1779
2013-08-27,106.4870
2013-08-26,106.8139
2013-08-23,107.0642
2013-08-22,107.2023
2013-08-21,107.3600
2013-08-20,107.5729
2013-08-19,107.8879
2013-08-16,108.4800
2013-08-15,108.9888
2013-08-14,109.5090
2013-08-13,109.8849
2013-08-12,110.2651
2013-08-09,110.6183
2013-08-08,111.1098
2013-08-07,111.5875
2013-08-06,111.9941
2013-08-05,112.2225
2013-08-02,112.1418
2013-08-01,112.0490
2013-07-31,112.1739
2013-07-30,112.1458
2013-07-29,112.0221
2013-07-26,111.8956
2013-07-25,111.5932
2013-07-24,111.3402
2013-07-23,111.0905
2013-07-22,110.8798
2013-07-19,110.9307
2013-07-18,111.0103
2013-07-17,110.7389
2013-07-16,110.5643
2013-07-15,110.4171
2013-07-12,110.2516
2013-07-11,110.4566
2013-07-10,110.5746
2013-07-09,110.7309
2013-07-08,110.8592
2013-07-05,110.8867
2013-07-03,111.0252
2013-07-02,111.5228
2013-07-01,112.2884
2013-06-28,112.9617
2013-06-27,113.5968
2013-06-26,114.0617
2013-06-25,114.4247
2013-06-24,114.9401
2013-06-21,115.5974
2013-06-20,116.2210
2013-06-19,116.5903
2013-06-18,116.6361
2013-06-17,116.7117
2013-06-14,117.0501
2013-06-13,117.3833
2013-06-12,117.7034
2013-06-11,118.0882
2013-06-10,118.3058
2013-06-07,118.3459
2013-06-06,118.3350
2013-06-05,118.5176
2013-06-04,118.8561
2013-06-03,118.9368
2013-05-31,118.9076
2013-05-30,118.7169
2013-05-29,118.3711
2013-05-28,118.1014
2013-05-24,117.7973
2013-05-23,117.7257
2013-05-22,117.5585
2013-05-21,117.4343
2013-05-20,117.0930
2013-05-17,116.7634
2013-05-16,116.4843
2013-05-15,116.2991
2013-05-14,116.0351
2013-05-13,115.9432
2013-05-10,115.7004
2013-05-09,115.0673
2013-05-08,114.4841
2013-05-07,113.6827
2013-05-06,112.9976
2013-05-03,112.1456
2013-05-02,111.3186
2013-05-01,111.5899
2013-04-30,112.1621
2013-04-29,112.7013
2013-04-26,113.2775
2013-04-25,114.2504
2013-04-24,115.3316
2013-04-23,116.4880
2013-04-22,117.4917
2013-04-19,118.7165
2013-04-18,119.8228
2013-04-17,120.0599
2013-04-16,120.2303
2013-04-15,120.3648
2013-04-12,120.5427
2013-04-11,120.6521
2013-04-10,120.5364
2013-04-09,120.5569
2013-04-08,120.6436
2013-04-05,120.8009
2013-04-04,120.9633
2013-04-03,121.1770
2013-04-02,121.2215
2013-04-01,121.1559
2013-03-28,121.3007
2013-03-27,121.4432
2013-03-26,121.5099
2013-03-25,121.4067
2013-03-22,121.3691
2013-03-21,121.2722
2013-03-20,121.1103
2013-03-19,120.7296
2013-03-18,120.3358
2013-03-15,119.8787
2013-03-14,119.1942
2013-03-13,118.3409
2013-03-12,117.7864
2013-03-11,117.1361
2013-03-08,116.4196
2013-03-07,115.8901
2013-03-06,115.2581
2013-03-05,114.7411
2013-03-04,114.3872
2013-03-01,114.1472
2013-02-28,113.9614
2013-02-27,113.9193
2013-02-26,113.7887
2013-02-25,113.8469
2013-02-22,114.0845
2013-02-21,114.0076
2013-02-20,114.1609
2013-02-19,114.3106
2013-02-15,114.4595
2013-02-14,114.6496
2013-02-13,114.7958
2013-02-12,114.9424
2013-02-11,115.1135
2013-02-08,115.3362
2013-02-07,115.4745
2013-02-06,115.6922
2013-02-05,115.8539
2013-02-04,115.4731
2013-02-01,114.9442
2013-01-31,114.2898
2013-01-30,113.6950
2013-01-29,113.0695
2013-01-28,112.4293
2013-01-25,111.8345
2013-01-24,111.1484
2013-01-23,110.4616
2013-01-22,109.7891
2013-01-18,109.6222
2013-01-17,109.5950
2013-01-16,109.6869
2013-01-15,109.9003
2013-01-14,109.8464
2013-01-11,109.6881
2013-01-10,109.5893
2013-01-09,109.5365
2013-01-08,109.5411
2013-01-07,109.5723
2013-01-04,109.6648
2013-01-03,109.7267
2013-01-02,109.7505
2012-12-31,109.5955
2012-12-28,109.6075
2012-12-27,109.7301
2012-12-26,109.7437
2012-12-24,109.8714
2012-12-21,109.8839
2012-12-20,109.8004
2012-12-19,109.5127
2012-12-18,109.1477
2012-12-17,108.7885
2012-12-14,108.5535
2012-12-13,108.4576
2012-12-12,108.4315
2012-12-11,108.3764
2012-12-10,108.2079
2012-12-07,108.2226
2012-12-06,108.3100
2012-12-05,108.3435
2012-12-04,108.3747
2012-12-03,108.4309
2012-11-30,108.2868
2012-11-29,108.0473
2012-11-28,107.7056
2012-11-27,107.4979
2012-11-26,107.3855
2012-11-23,107.2016
2012-11-21,107.0092
2012-11-20,107.0586
2012-11-19,107.3427
2012-11-16,107.5091
2012-11-15,107.8288
2012-11-14,108.4206
2012-11-13,108.8837
2012-11-12,109.1160
2012-11-09,109.2013
2012-11-08,109.2146
2012-11-07,109.2319
2012-11-06,109.3669
2012-11-05,109.2703
2012-11-02,109.3166
2012-11-01,109.7235
2012-10-31,110.5060
2012-10-26,111.3197
2012-10-25,112.1407
2012-10-24,112.9408
2012-10-23,113.7940
2012-10-22,114.7399
2012-10-19,115.6112
2012-10-18,116.5847
2012-10-17,117.4566
2012-10-16,118.0148
2012-10-15,117.9493
2012-10-12,118.0363
2012-10-11,118.0165
2012-10-10,118.0250
2012-10-09,117.9222
2012-10-08,117.7521
2012-10-05,117.4961
2012-10-04,117.2357
2012-10-03,116.9978
2012-10-02,116.7672
2012-10-01,116.6107
2012-09-28,116.4231
2012-09-27,116.3870
2012-09-26,116.4124
2012-09-25,116.3994
2012-09-24,116.3028
2012-09-21,116.0576
2012-09-20,115.6914
2012-09-19,115.2914
2012-09-18,114.6478
2012-09-17,113.9398
2012-09-14,113.2448
2012-09-13,112.4854
2012-09-12,111.8480
2012-09-11,111.3451
2012-09-10,110.9168
2012-09-07,110.7371
2012-09-06,110.5224
2012-09-05,110.4179
2012-09-04,110.6219
2012-08-31,110.9586
2012-08-30,111.3186
2012-08-29,111.7406
2012-08-28,111.9282
2012-08-27,112.1215
2012-08-24,112.3091
2012-08-23,112.3950
2012-08-22,112.5487
2012-08-21,112.6492
2012-08-20,112.6735
2012-08-17,112.5274
2012-08-16,112.3272
2012-08-15,111.9194
2012-08-14,111.6905
2012-08-13,111.5129
2012-08-10,111.3340
2012-08-09,111.1230
2012-08-08,110.8238
2012-08-07,110.3287
2012-08-06,109.7891
2012-08-03,109.3429
2012-08-02,109.0014
2012-08-01,109.0515
2012-07-31,108.6616
2012-07-30,107.9678
2012-07-27,107.2989
2012-07-26,106.7149
2012-07-25,106.1038
2012-07-24,105.7758
2012-07-23,105.5463
2012-07-20,105.4810
2012-07-19,105.4225
2012-07-18,105.4197
2012-07-17,105.8518
2012-07-16,106.5371
2012-07-13,107.1441
2012-07-12,107.4474
2012-07-11,108.0050
2012-07-10,108.3819
2012-07-09,108.7533
2012-07-06,108.9800
2012-07-05,109.0914
2012-07-03,109.2878
2012-07-02,109.4566
2012-06-29,109.5950
2012-06-28,109.7930
2012-06-27,110.0012
2012-06-26,110.0068
2012-06-25,110.1531
2012-06-22,110.1334
2012-06-21,110.2145
2012-06-20,110.2735
2012-06-19,110.0040
2012-06-18,109.4566
2012-06-15,108.9080
2012-06-14,108.3442
2012-06-13,108.2205
2012-06-12,108.3009
2012-06-11,108.4084
2012-06-08,108.5091
2012-06-07,108.5626
2012-06-06,108.6571
2012-06-05,108.8163
2012-06-04,109.2979
2012-06-01,109.7109
2012-05-31,110.2066
2012-05-30,110.5909
2012-05-29,110.8446
2012-05-25,111.0123
2012-05-24,111.3988
2012-05-23,111.6526
2012-05-22,111.9401
2012-05-21,112.2023
2012-05-18,112.4911
2012-05-17,112.9552
2012-05-16,113.4323
2012-05-15,113.8518
2012-05-14,114.3068
2012-05-11,114.6877
2012-05-10,114.9561
2012-05-09,115.1877
2012-05-08,115.2713
2012-05-07,115.1407
2012-05-04,114.8533
2012-05-03,114.5513
2012-05-02,114.1182
2012-05-01,113.6739
2012-04-30,113.6431
2012-04-27,113.3988
2012-04-26,113.1741
2012-04-25,113.1596
2012-04-24,113.1041
2012-04-23,113.2347
2012-04-20,113.5888
2012-04-19,113.9176
2012-04-18,114.2841
2012-04-17,114.8090
2012-04-16,114.9222
2012-04-13,115.2544
2012-04-12,115.5609
2012-04-11,115.6713
2012-04-10,115.9290
2012-04-09,116.2338
2012-04-05,116.2641
2012-04-04,116.2652
2012-04-03,116.1890
2012-04-02,115.8948
2012-03-30,115.6847
2012-03-29,115.5368
2012-03-28,115.4096
2012-03-27,115.2657
2012-03-26,115.0752
2012-03-23,114.6959
2012-03-22,114.4236
2012-03-21,114.1053
2012-03-20,113.7176
2012-03-19,113.3260
2012-03-16,113.0425
2012-03-15,112.6391
2012-03-14,112.1645
2012-03-13,111.7169
2012-03-12,111.3919
2012-03-09,111.1975
2012-03-08,111.0373
2012-03-07,110.9140
2012-03-06,110.6955
2012-03-05,110.4787
2012-03-02,110.0730
2012-03-01,109.7486
2012-02-29,109.4528
2012-02-28,109.2001
2012-02-27,108.8998
2012-02-24,108.6135
2012-02-23,108.3541
2012-02-22,108.0930
2012-02-21,108.0219
2012-02-17,107.9482
2012-02-16,107.9185
2012-02-15,107.7935
2012-02-14,107.7724
2012-02-13,107.7519
2012-02-10,107.7034
2012-02-09,107.5523
2012-02-08,107.3904
2012-02-07,107.2805
2012-02-06,107.2012
2012-02-03,107.0427
2012-02-02,106.7570
2012-02-01,106.1425
2012-01-31,105.4979
2012-01-30,104.7947
2012-01-27,104.0502
2012-01-26,103.4971
2012-01-25,103.0138
2012-01-24,102.4322
2012-01-23,101.8551
2012-01-20,101.4399
2012-01-19,101.2245
2012-01-18,101.5047
2012-01-17,101.7965
2012-01-13,102.0131
2012-01-12,102.4049
2012-01-11,102.5969
2012-01-10,102.7436
2012-01-09,102.9356
2012-01-06,102.9607
2012-01-05,102.9010
2012-01-04,103.0450
2012-01-03,102.8971
2011-12-30,102.7448
2011-12-29,102.9457
2011-12-28,103.0874
2011-12-27,103.4870
2011-12-23,103.8905
2011-12-22,104.4380
2011-12-21,104.9705
2011-12-20,105.6726
2011-12-19,105.9907
2011-12-16,106.4344
2011-12-15,106.7743
2011-12-14,106.8842
2011-12-13,106.8440
2011-12-12,106.2742
2011-12-09,105.7178
2011-12-08,104.7411
2011-12-07,103.9804
2011-12-06,103.2694
2011-12-05,102.6298
2011-12-02,102.3173
2011-12-01,102.0979
2011-11-30,101.9400
2011-11-29,101.9818
2011-11-28,102.3396
2011-11-25,102.6281
2011-11-23,102.9792
2011-11-22,103.2186
2011-11-21,103.5501
2011-11-18,103.8343
2011-11-17,103.8565
2011-11-16,103.9024
2011-11-15,103.7107
2011-11-14,103.2574
2011-11-11,103.0645
2011-11-10,103.0266
2011-11-09,103.1520
2011-11-08,103.0964
2011-11-07,102.6717
2011-11-04,102.3899
2011-11-03,102.1259
2011-11-02,101.5672
2011-11-01,101.2042
2011-10-31,101.0680
2011-10-28,101.1770
2011-10-27,101.3482
2011-10-26,101.3749
2011-10-25,101.6056
2011-10-24,101.8635
2011-10-21,102.1064
2011-10-20,102.1487
2011-10-19,102.3955
2011-10-18,102.3654
2011-10-17,102.1342
2011-10-14,101.3949
2011-10-13,100.5244
2011-10-12,100.0991
2011-10-11,99.6227
2011-10-10,99.2175
2011-10-07,98.5443
2011-10-06,97.8189
2011-10-05,97.0924
2011-10-04,96.8795
2011-10-03,96.8784
2011-09-30,96.8695
2011-09-29,96.7650
2011-09-28,96.2602
2011-09-27,95.6871
2011-09-26,94.8933
2011-09-23,94.2213
2011-09-22,93.7782
2011-09-21,93.5909
2011-09-20,93.2735
2011-09-19,92.7393
2011-09-16,92.3974
2011-09-15,92.2496
2011-09-14,92.3508
2011-09-13,92.6437
2011-09-12,93.1546
2011-09-09,93.5281
2011-09-08,93.7621
2011-09-07,93.8461
2011-09-06,93.6799
2011-09-02,93.3391
2011-09-01,92.8144
2011-08-31,92.4530
2011-08-30,92.4291
2011-08-29,92.3585
2011-08-26,92.3791
2011-08-25,92.3269
2011-08-24,92.3908
2011-08-23,92.1562
2011-08-22,92.5058
2011-08-19,92.9083
2011-08-18,93.7234
2011-08-17,94.1058
2011-08-16,94.4697
2011-08-15,94.8038
2011-08-12,95.1901
2011-08-11,95.9034
2011-08-10,96.6957
2011-08-09,97.6961
2011-08-08,98.3352
2011-08-05,99.2610
2011-08-04,99.9362
2011-08-03,100.6788
2011-08-02,100.9455
2011-08-01,101.3417
2011-07-29,101.0390
2011-07-28,100.6899
2011-07-27,100.2710
2011-07-26,99.8819
2011-07-25,99.3905
2011-07-22,98.9085
2011-07-21,98.4276
2011-07-20,97.9617
2011-07-19,97.6330
2011-07-18,97.0918
2011-07-15,97.0508
2011-07-14,96.8300
2011-07-13,96.6258
2011-07-12,96.3873
2011-07-11,96.0315
2011-07-08,95.4825
2011-07-07,94.9087
2011-07-06,94.3110
2011-07-05,93.6752
2011-07-01,93.0991
2011-06-30,92.5402
2011-06-29,92.0488
2011-06-28,91.5945
2011-06-27,91.2686
2011-06-24,91.0223
2011-06-23,90.9177
2011-06-22,90.8469
2011-06-21,90.7727
2011-06-20,90.6327
2011-06-17,90.6178
2011-06-16,90.6515
2011-06-15,90.8408
2011-06-14,91.0749
2011-06-13,91.3410
2011-06-10,91.5807
2011-06-09,91.8020
2011-06-08,91.9630
2011-06-07,92.1650
2011-06-06,92.4179
2011-06-03,92.7173
2011-06-02,93.0239
2011-06-01,93.2646
2011-05-31,93.4826
2011-05-27,93.4788
2011-05-26,93.6127
2011-05-25,93.8927
2011-05-24,93.9895
2011-05-23,94.1218
2011-05-20,94.1683
2011-05-19,94.0980
2011-05-18,93.9389
2011-05-17,93.9071
2011-05-16,93.9960
2011-05-13,94.1359
2011-05-12,94.1307
2011-05-11,94.0081
2011-05-10,94.0146
2011-05-09,93.8688
2011-05-06,93.7486
2011-05-05,93.6737
2011-05-04,93.4693
2011-05-03,93.1817
2011-05-02,92.7999
2011-04-29,92.4727
2011-04-28,92.1636
2011-04-27,91.7873
2011-04-26,91.3950
2011-04-25,91.1449
2011-04-21,90.9455
2011-04-20,90.7306
2011-04-19,90.6915
2011-04-18,90.6138
2011-04-15,90.5207
2011-04-14,90.4138
2011-04-13,90.3092
2011-04-12,90.2899
2011-04-11,90.2695
2011-04-08,90.1273
2011-04-07,90.0243
2011-04-06,89.7852
2011-04-05,89.5367
2011-04-04,89.2067
2011-04-01,88.8448
2011-03-31,88.3831
2011-03-30,87.8933
2011-03-29,87.3093
2011-03-28,87.0967
2011-03-25,87.0978
2011-03-24,87.1115
2011-03-23,87.2206
2011-03-22,87.5694
2011-03-21,87.8052
2011-03-18,87.9291
2011-03-17,88.2564
2011-03-16,88.7687
2011-03-15,89.1632
2011-03-14,89.2155
2011-03-11,89.2425
2011-03-10,89.2343
2011-03-09,89.1654
2011-03-08,88.8525
2011-03-07,88.8343
2011-03-04,89.1048
2011-03-03,89.2376
2011-03-02,89.2332
2011-03-01,89.3808
2011-02-28,89.5599
2011-02-25,89.6684
2011-02-24,89.7681
2011-02-23,89.9819
2011-02-22,90.3053
2011-02-18,90.4280
2011-02-17,90.3465
2011-02-16,90.2722
2011-02-15,90.2317
2011-02-14,90.2362
2011-02-11,90.1342
2011-02-10,89.8443
2011-02-09,89.6434
2011-02-08,89.4099
2011-02-07,89.1212
2011-02-04,88.8364
2011-02-03,88.3699
2011-02-02,87.9457
2011-02-01,87.5281
2011-01-31,86.8196
2011-01-28,86.1611
2011-01-27,85.5909
2011-01-26,84.9340
2011-01-25,84.1788
2011-01-24,83.4215
2011-01-21,82.7794
2011-01-20,82.4041
2011-01-19,81.9239
2011-01-18,81.4821
2011-01-14,81.3081
2011-01-13,81.1303
2011-01-12,81.0124
2011-01-11,80.8708
2011-01-10,80.7846
2011-01-07,80.6584
2011-01-06,80.5464
2011-01-05,80.3977
2011-01-04,80.3258
2011-01-03,80.1540
2010-12-31,80.0180
2010-12-30,79.8967
2010-12-29,79.7897
2010-12-28,79.7512
2010-12-27,79.6728
2010-12-23,79.6442
2010-12-22,79.5570
2010-12-21,79.5037
2010-12-20,79.4093
2010-12-17,79.4357
2010-12-16,79.4565
2010-12-15,79.4911
2010-12-14,79.4741
2010-12-13,79.2348
2010-12-10,79.1586
2010-12-09,79.1081
2010-12-08,79.1909
2010-12-07,79.0921
2010-12-06,79.1673
2010-12-03,79.1706
2010-12-02,79.1146
2010-12-01,78.9374
2010-11-30,78.8183
2010-11-29,78.9379
2010-11-26,78.9846
2010-11-24,79.0686
2010-11-23,79.1092
2010-11-22,79.2716
2010-11-19,79.3303
2010-11-18,79.3973
2010-11-17,79.4951
2010-11-16,79.5820
2010-11-15,79.6349
2010-11-12,79.5826
2010-11-11,79.5401
2010-11-10,79.2573
2010-11-09,78.9420
2010-11-08,78.6077
2010-11-05,78.2105
2010-11-04,77.8144
2010-11-03,77.4341
2010-11-02,77.1555
2010-11-01,76.8381
2010-10-29,76.8113
2010-10-28,76.6725
2010-10-27,76.7053
2010-10-26,76.6474
2010-10-25,76.6026
2010-10-22,76.5928
2010-10-21,76.5479
2010-10-20,76.4873
2010-10-19,76.4201
2010-10-18,76.3999
2010-10-15,75.9857
2010-10-14,75.6896
2010-10-13,75.2875
2010-10-12,75.0203
2010-10-11,74.7493
2010-10-08,74.4756
2010-10-07,74.2166
2010-10-06,73.8314
2010-10-05,73.5435
2010-10-04,73.2332
2010-10-01,73.0441
2010-09-30,72.7464
2010-09-29,72.5021
2010-09-28,72.1716
2010-09-27,71.8416
2010-09-24,71.5662
2010-09-23,71.2319
2010-09-22,70.9417
2010-09-21,70.5871
2010-09-20,70.2577
2010-09-17,70.0277
2010-09-16,69.7463
2010-09-15,69.5332
2010-09-14,69.1890
2010-09-13,68.8912
2010-09-10,68.6246
2010-09-09,68.3400
2010-09-08,68.2804
2010-09-07,68.2159
2010-09-03,68.2443
2010-09-02,68.2400
2010-09-01,68.4509
2010-08-31,68.6488
2010-08-30,68.9395
2010-08-27,69.1782
2010-08-26,69.3498
2010-08-25,69.6514
2010-08-24,69.9005
2010-08-23,70.2797
2010-08-20,70.5818
2010-08-19,70.7261
2010-08-18,70.8503
2010-08-17,70.9173
2010-08-16,70.9868
2010-08-13,71.1146
2010-08-12,71.1087
2010-08-11,71.0587
2010-08-10,70.9473
2010-08-09,70.7370
2010-08-06,70.5060
2010-08-05,70.3750
2010-08-04,70.1379
2010-08-03,69.8118
2010-08-02,69.6041
2010-07-30,69.5513
2010-07-29,69.5312
2010-07-28,69.6780
2010-07-27,69.8025
2010-07-26,69.9031
2010-07-23,69.9172
2010-07-22,69.8944
2010-07-21,69.9216
2010-07-20,70.0156
2010-07-19,69.8476
2010-07-16,69.4165
2010-07-15,69.1197
2010-07-14,68.7261
2010-07-13,68.4200
2010-07-12,68.3385
2010-07-09,68.2542
2010-07-08,68.2667
2010-07-07,68.3831
2010-07-06,68.5081
2010-07-02,68.8990
2010-07-01,69.3497
2010-06-30,69.8069
2010-06-29,70.1803
2010-06-28,70.4359
2010-06-25,70.4098
2010-06-24,70.4821
2010-06-23,70.4543
2010-06-22,70.1167
2010-06-21,69.8134
2010-06-18,69.4589
2010-06-17,69.1942
2010-06-16,69.0300
2010-06-15,68.8702
2010-06-14,68.5739
2010-06-11,68.3977
2010-06-10,68.2857
2010-06-09,68.0438
2010-06-08,68.0775
2010-06-07,68.1172
2010-06-04,68.1873
2010-06-03,68.1069
2010-06-02,68.1558
2010-06-01,68.2939
2010-05-28,68.6255
2010-05-27,68.9479
2010-05-26,69.2246
2010-05-25,69.7384
2010-05-24,69.8672
2010-05-21,69.9662
2010-05-20,69.7857
2010-05-19,69.7922
2010-05-18,69.6799
2010-05-17,69.5441
2010-05-14,69.4617
2010-05-13,69.3060
2010-05-12,69.2135
2010-05-11,69.0364
2010-05-10,69.1048
2010-05-07,69.3101
2010-05-06,69.7022
2010-05-05,69.9488
2010-05-04,70.0316
2010-05-03,70.1165
2010-04-30,70.2587
2010-04-29,70.3468
2010-04-28,70.3701
2010-04-27,70.4323
2010-04-26,70.4437
2010-04-23,70.3155
2010-04-22,70.2490
2010-04-21,70.1668
2010-04-20,70.1392
2010-04-19,70.0981
2010-04-16,69.9423
2010-04-15,69.8136
2010-04-14,69.6708
2010-04-13,69.5367
2010-04-12,69.5129
2010-04-09,69.5616
2010-04-08,69.5876
2010-04-07,69.6373
2010-04-06,69.6854
2010-04-05,69.6341
2010-04-01,69.5454
2010-03-31,69.5524
2010-03-30,69.5259
2010-03-29,69.5205
2010-03-26,69.4794
2010-03-25,69.4080
2010-03-24,69.3193
2010-03-23,69.1619
2010-03-22,68.9553
2010-03-19,68.8704
2010-03-18,68.8456
2010-03-17,68.7558
2010-03-16,68.7082
2010-03-15,68.6406
2010-03-12,68.6806
2010-03-11,68.6384
2010-03-10,68.6098
2010-03-09,68.7163
2010-03-08,68.7655
2010-03-05,68.7893
2010-03-04,68.7861
2010-03-03,68.8450
2010-03-02,68.8153
2010-03-01,68.6968
2010-02-26,68.4497
2010-02-25,68.2642
2010-02-24,68.0338
2010-02-23,67.7969
2010-02-22,67.5492
2010-02-19,67.3095
2010-02-18,67.0530
2010-02-17,66.9062
2010-02-16,66.8325
2010-02-12,66.7719
2010-02-11,66.6551
2010-02-10,66.6261
2010-02-09,66.7858
2010-02-08,66.8926
2010-02-05,67.0913
2010-02-04,67.2275
2010-02-03,67.5505
2010-02-02,67.7976
2010-02-01,68.2612
2010-01-29,68.6440
2010-01-28,69.1780
2010-01-27,69.5269
2010-01-26,69.7519
2010-01-25,69.9528
2010-01-22,70.2074
2010-01-21,70.4255
2010-01-20,70.4793
2010-01-19,70.5116
2010-01-15,70.4206
2010-01-14,70.3732
2010-01-13,70.3872
2010-01-12,70.4744
2010-01-11,70.5714
2010-01-08,70.6300
2010-01-07,70.5843
2010-01-06,70.6047
2010-01-05,70.5321
2010-01-04,70.3738
2009-12-31,70.1019
2009-12-30,69.9840
2009-12-29,69.7643
2009-12-28,69.6610
2009-12-24,69.5194
2009-12-23,69.4531
2009-12-22,69.3665
2009-12-21,69.1980
2009-12-18,69.1113
2009-12-17,69.0757
2009-12-16,69.0838
2009-12-15,69.0031
2009-12-14,68.9734
2009-12-11,68.7807
2009-12-10,68.5664
2009-12-09,68.4555
2009-12-08,68.4308
2009-12-07,68.5061
2009-12-04,68.5018
2009-12-03,68.5174
2009-12-02,68.5497
2009-12-01,68.6262
2009-11-30,68.6407
2009-11-27,68.6773
2009-11-25,68.7075
2009-11-24,68.7026
2009-11-23,68.6477
2009-11-20,68.5293
2009-11-19,68.3425
2009-11-18,68.0446
2009-11-17,67.6463
2009-11-16,67.2152
2009-11-13,66.7745
2009-11-12,66.4001
2009-11-11,66.1883
2009-11-10,65.8529
2009-11-09,65.4871
2009-11-06,65.1413
2009-11-05,64.9441
2009-11-04,64.9516
2009-11-03,64.9291
2009-11-02,65.0180
2009-10-30,65.1520
2009-10-29,65.2072
2009-10-28,65.4811
2009-10-27,65.8483
2009-10-26,66.1897
2009-10-23,66.5612
2009-10-22,66.8597
2009-10-21,66.8383
2009-10-20,66.9406
2009-10-19,66.8619
2009-10-16,66.6844
2009-10-15,66.5440
2009-10-14,66.0037
2009-10-13,65.5353
2009-10-12,65.0952
2009-10-09,64.6820
2009-10-08,64.4220
2009-10-07,64.3497
2009-10-06,64.2446
2009-10-05,64.2585
2009-10-02,64.3561
2009-10-01,64.5217
2009-09-30,64.7350
2009-09-29,64.8535
2009-09-28,64.8824
2009-09-25,64.8583
2009-09-24,64.6959
2009-09-23,64.5206
2009-09-22,64.3030
2009-09-21,64.0645
2009-09-18,63.8442
2009-09-17,63.5344
2009-09-16,63.2241
2009-09-15,62.9491
2009-09-14,62.8794
2009-09-11,62.8441
2009-09-10,62.9180
2009-09-09,63.0145
2009-09-08,63.1255
2009-09-04,63.2412
2009-09-03,63.3720
2009-09-02,63.5124
2009-09-01,63.6454
2009-08-31,63.6957
2009-08-28,63.6320
2009-08-27,63.6507
2009-08-26,63.6588
2009-08-25,63.6491
2009-08-24,63.5934
2009-08-21,63.5601
2009-08-20,63.5296
2009-08-19,63.4454
2009-08-18,63.3811
2009-08-17,63.4568
2009-08-14,63.5909
2009-08-13,63.5271
2009-08-12,63.4054
2009-08-11,63.2673
2009-08-10,63.2106
2009-08-07,63.1239
2009-08-06,63.0039
2009-08-05,62.9575
2009-08-04,62.8321
2009-08-03,62.6955
2009-07-31,62.5099
2009-07-30,62.3760
2009-07-29,61.9908
2009-07-28,61.4552
2009-07-27,60.7067
2009-07-24,59.9593
2009-07-23,59.0625
2009-07-22,58.2633
2009-07-21,57.4689
2009-07-20,56.5700
2009-07-17,55.7809
2009-07-16,55.0506
2009-07-15,54.7412
2009-07-14,54.5918
2009-07-13,54.7294
2009-07-10,54.8393
2009-07-09,55.1183
2009-07-08,55.2288
2009-07-07,55.4294
2009-07-06,55.6604
2009-07-02,55.8866
2009-07-01,56.1320
2009-06-30,56.2472
2009-06-29,56.4019
2009-06-26,56.4974
2009-06-25,56.6324
2009-06-24,56.8106
2009-06-23,57.0346
2009-06-22,57.2320
2009-06-19,57.3905
2009-06-18,57.4625
2009-06-17,57.4625
2009-06-16,57.4353
2009-06-15,57.4092
2009-06-12,57.4492
2009-06-11,57.3462
2009-06-10,57.0949
2009-06-09,56.8058
2009-06-08,56.6393
2009-06-05,56.3406
2009-06-04,56.1048
2009-06-03,55.9831
2009-06-02,55.9309
2009-06-01,55.8108
2009-05-29,55.4374
2009-05-28,55.1584
2009-05-27,55.0287
2009-05-26,55.0826
2009-05-22,54.9695
2009-05-21,54.9482
2009-05-20,54.9359
2009-05-19,54.9663
2009-05-18,54.9549
2009-05-15,55.0112
2009-05-14,55.1548
2009-05-13,55.2413
2009-05-12,55.3072
2009-05-11,55.1721
2009-05-08,54.9868
2009-05-07,54.8837
2009-05-06,54.7929
2009-05-05,54.6539
2009-05-04,54.4660
2009-05-01,54.1603
2009-04-30,53.9831
2009-04-29,53.8886
2009-04-28,53.6132
2009-04-27,53.4715
2009-04-24,53.4715
2009-04-23,53.5575
2009-04-22,53.5453
2009-04-21,53.3436
2009-04-20,53.3038
2009-04-17,53.3988
2009-04-16,53.3749
2009-04-15,53.1722
2009-04-14,53.0682
2009-04-13,52.8161
2009-04-09,52.5083
2009-04-08,52.3533
2009-04-07,52.1814
2009-04-06,52.1575
2009-04-03,52.0062
2009-04-02,51.4909
2009-04-01,51.0579
2009-03-31,50.7575
2009-03-30,50.5463
2009-03-27,50.3711
2009-03-26,50.1700
2009-03-25,49.7253
2009-03-24,49.2301
2009-03-23,48.6437
2009-03-20,47.8354
2009-03-19,47.4799
2009-03-18,47.2050
2009-03-17,47.0744
2009-03-16,46.8016
2009-03-13,46.6865
2009-03-12,46.7751
2009-03-11,46.6992
2009-03-10,46.5548
2009-03-09,46.5097
2009-03-06,46.5570
2009-03-05,46.7151
2009-03-04,46.7921
2009-03-03,46.8993
2009-03-02,47.0532
2009-02-27,47.3074
2009-02-26,47.4687
2009-02-25,47.7972
2009-02-24,48.1883
2009-02-23,48.7413
2009-02-20,49.3660
2009-02-19,49.5327
2009-02-18,49.7142
2009-02-17,49.7931
2009-02-13,49.7819
2009-02-12,49.6405
2009-02-11,49.4793
2009-02-10,49.4352
2009-02-09,49.3246
2009-02-06,49.0224
2009-02-05,48.6449
2009-02-04,48.5214
2009-02-03,48.4469
2009-02-02,47.8398
2009-01-30,47.5225
2009-01-29,47.1249
2009-01-28,46.6329
2009-01-27,46.1324
2009-01-26,45.8182
2009-01-23,45.4539
2009-01-22,45.3320
2009-01-21,45.2116
2009-01-20,45.0960
2009-01-16,45.3515
2009-01-15,45.4809
2009-01-14,45.4830
2009-01-13,45.5020
2009-01-12,45.2860
2009-01-09,45.0548
2009-01-08,44.8341
2009-01-07,44.4867
2009-01-06,44.1805
2009-01-05,43.8790
2009-01-02,43.7302
2008-12-31,43.6494
2008-12-30,43.7676
2008-12-29,43.7265
2008-12-26,43.7766
2008-12-24,43.7370
2008-12-23,43.8606
2008-12-22,43.9709
2008-12-19,44.1224
2008-12-18,43.9677
2008-12-17,43.6214
2008-12-16,43.3484
2008-12-15,43.0021
2008-12-12,42.6922
2008-12-11,42.6605
2008-12-10,42.7181
2008-12-09,42.6014
2008-12-08,42.4536
2008-12-05,41.9267
2008-12-04,41.4594
2008-12-03,41.3818
2008-12-02,41.3507
2008-12-01,41.2261
2008-11-28,41.4071
2008-11-26,41.5449
2008-11-25,41.4430
2008-11-24,41.5534
2008-11-21,41.7635
2008-11-20,42.3649
2008-11-19,43.0728
2008-11-18,43.7827
2008-11-17,44.4571
2008-11-14,45.2311
2008-11-13,45.8698
2008-11-12,46.1839
2008-11-11,46.6034
2008-11-10,46.8162
2008-11-07,46.5694
2008-11-06,46.3223
2008-11-05,46.2541
2008-11-04,45.9213
2008-11-03,45.6830
2008-10-31,45.6741
2008-10-30,45.5591
2008-10-29,45.6027
2008-10-28,45.6074
2008-10-27,45.9392
2008-10-24,46.5979
2008-10-23,46.8960
2008-10-22,47.1401
2008-10-21,47.5049
2008-10-20,47.8613
2008-10-17,48.2869
2008-10-16,48.9514
2008-10-15,49.6453
2008-10-14,50.7916
2008-10-13,52.0177
2008-10-10,53.1856
2008-10-09,54.8479
2008-10-08,56.4807
2008-10-07,57.8407
2008-10-06,58.8752
2008-10-03,59.6935
2008-10-02,60.5023
2008-10-01,61.0472
2008-09-30,61.1175
2008-09-29,61.0697
2008-09-26,61.1080
2008-09-25,61.0844
2008-09-24,61.0367
2008-09-23,61.1196
2008-09-22,61.1028
2008-09-19,61.1595
2008-09-18,60.9222
2008-09-17,60.9159
2008-09-16,61.2765
2008-09-15,61.4004
2008-09-12,61.7437
2008-09-11,62.0381
2008-09-10,62.2575
2008-09-09,62.4916
2008-09-08,62.9021
2008-09-05,63.3031
2008-09-04,63.7576
2008-09-03,64.1518
2008-09-02,64.3733
2008-08-29,64.6977
2008-08-28,64.9407
2008-08-27,65.0646
2008-08-26,65.1916
2008-08-25,65.3343
2008-08-22,65.5306
2008-08-21,65.7343
2008-08-20,66.0524
2008-08-19,66.4014
2008-08-18,66.7065
2008-08-15,66.8366
2008-08-14,66.8257
2008-08-13,66.8543
2008-08-12,66.9889
2008-08-11,67.0911
2008-08-08,67.0472
2008-08-07,67.0065
2008-08-06,67.0300
2008-08-05,67.0227
2008-08-04,67.0818
2008-08-01,67.1393
2008-07-31,67.3092
2008-07-30,67.2329
2008-07-29,67.0802
2008-07-28,66.8470
2008-07-25,66.6008
2008-07-24,66.2656
2008-07-23,65.9090
2008-07-22,65.4322
2008-07-21,65.1122
2008-07-18,64.7378
2008-07-17,64.1967
2008-07-16,63.8087
2008-07-15,63.4600
2008-07-14,63.2158
2008-07-11,63.1379
2008-07-10,63.0862
2008-07-09,63.1593
2008-07-08,63.3193
2008-07-07,63.2974
2008-07-03,63.3622
2008-07-02,63.6487
2008-07-01,63.9133
2008-06-30,64.2181
2008-06-27,64.6458
2008-06-26,64.9648
2008-06-25,65.1070
2008-06-24,65.0374
2008-06-23,65.1671
2008-06-20,65.2926
2008-06-19,65.4076
2008-06-18,65.5880
2008-06-17,65.7652
2008-06-16,65.9085
2008-06-13,65.9425
2008-06-12,66.1140
2008-06-11,66.4204
2008-06-10,66.7492
2008-06-09,66.8214
2008-06-06,66.7346
2008-06-05,66.7221
2008-06-04,66.4685
2008-06-03,66.3446
2008-06-02,66.2740
2008-05-30,66.2980
2008-05-29,66.2473
2008-05-28,66.1328
2008-05-27,65.9780
2008-05-23,65.8693
2008-05-22,65.8620
2008-05-21,65.8735
2008-05-20,65.9007
2008-05-19,65.7515
2008-05-16,65.4927
2008-05-15,65.2243
2008-05-14,64.9448
2008-05-13,64.5629
2008-05-12,64.3421
2008-05-09,64.1309
2008-05-08,64.0539
2008-05-07,63.9897
2008-05-06,63.9355
2008-05-05,63.9798
2008-05-02,64.1006
2008-05-01,64.1641
2008-04-30,64.1365
2008-04-29,64.1245
2008-04-28,63.8288
2008-04-25,63.5991
2008-04-24,63.2304
2008-04-23,62.9487
2008-04-22,62.5930
2008-04-21,62.2077
2008-04-18,61.7890
2008-04-17,61.3390
2008-04-16,60.9714
2008-04-15,60.6766
2008-04-14,60.6412
2008-04-11,60.5298
2008-04-10,60.4553
2008-04-09,60.2856
2008-04-08,60.2928
2008-04-07,60.3814
2008-04-04,60.5246
2008-04-03,60.6584
2008-04-02,60.7063
2008-04-01,60.8938
2008-03-31,60.8448
2008-03-28,60.8495
2008-03-27,60.9193
2008-03-26,61.0000
2008-03-25,60.9782
2008-03-24,60.7719
2008-03-20,60.5053
2008-03-19,60.2028
2008-03-18,60.1220
2008-03-17,59.9814
2008-03-14,59.9127
2008-03-13,59.8413
2008-03-12,59.8065
2008-03-11,59.7747
2008-03-10,59.6648
2008-03-07,59.4602
2008-03-06,59.1545
2008-03-05,58.8634
2008-03-04,58.4707
2008-03-03,57.9130
2008-02-29,57.4927
2008-02-28,57.0902
2008-02-27,56.7351
2008-02-26,56.2179
2008-02-25,55.7368
2008-02-22,55.3821
2008-02-21,55.0837
2008-02-20,54.9098
2008-02-19,54.7414
2008-02-15,54.8724
2008-02-14,55.0026
2008-02-13,55.0322
2008-02-12,54.8667
2008-02-11,54.8231
2008-02-08,54.7937
2008-02-07,54.8379
2008-02-06,55.0545
2008-02-05,55.1639
2008-02-04,54.9668
2008-02-01,54.7318
2008-01-31,54.3178
2008-01-30,54.0336
2008-01-29,53.8354
2008-01-28,53.6710
2008-01-25,53.2917
2008-01-24,53.0531
2008-01-23,52.6070
2008-01-22,52.1655
2008-01-18,52.1048
2008-01-17,51.9871
2008-01-16,52.1842
2008-01-15,52.3430
2008-01-14,52.6682
2008-01-11,53.0396
2008-01-10,53.6585
2008-01-09,54.2623
2008-01-08,54.9543
2008-01-07,55.6526
2008-01-04,56.1086
2008-01-03,56.4203
2008-01-02,56.4935
2007-12-31,56.4852
2007-12-28,56.3643
2007-12-27,56.2652
2007-12-26,56.2066
2007-12-24,55.9695
2007-12-21,55.8523
2007-12-20,55.7387
2007-12-19,55.7833
2007-12-18,55.8362
2007-12-17,55.8528
2007-12-14,55.9203
2007-12-13,55.8897
2007-12-12,55.8544
2007-12-11,55.7973
2007-12-10,55.6334
2007-12-07,55.2485
2007-12-06,54.9990
2007-12-05,54.6109
2007-12-04,54.3650
2007-12-03,54.1363
2007-11-30,54.0823
2007-11-29,54.0004
2007-11-28,53.7897
2007-11-27,53.6808
2007-11-26,53.5573
2007-11-23,53.4683
2007-11-21,53.5752
2007-11-20,54.0348
2007-11-19,54.5195
2007-11-16,55.0784
2007-11-15,55.5654
2007-11-14,56.0656
2007-11-13,56.7018
2007-11-12,57.1396
2007-11-09,57.8108
2007-11-08,58.4887
2007-11-07,58.8153
2007-11-06,58.8912
2007-11-05,58.9693
2007-11-02,58.9677
2007-11-01,58.8483
2007-10-31,58.9078
2007-10-30,58.8902
2007-10-29,59.1735
2007-10-26,59.3404
2007-10-25,59.5513
2007-10-24,59.8222
2007-10-23,60.1152
2007-10-22,60.3023
2007-10-19,60.5298
2007-10-18,60.7376
2007-10-17,60.7836
2007-10-16,60.8156
2007-10-15,60.7515
2007-10-12,60.8032
2007-10-11,60.8027
2007-10-10,60.7851
2007-10-09,60.7169
2007-10-08,60.6244
2007-10-05,60.5458
2007-10-04,60.5706
2007-10-03,60.6311
2007-10-02,60.6450
2007-10-01,60.5556
2007-09-28,60.3225
2007-09-27,60.1845
2007-09-26,60.0935
2007-09-25,60.0263
2007-09-24,60.0697
2007-09-21,60.0465
2007-09-20,59.9829
2007-09-19,60.0222
2007-09-18,60.0847
2007-09-17,60.1654
2007-09-14,60.2775
2007-09-13,60.2899
2007-09-12,60.2186
2007-09-11,60.0119
2007-09-10,59.8098
2007-09-07,59.6774
2007-09-06,59.4655
2007-09-05,59.0716
2007-09-04,58.6147
2007-08-31,58.1511
2007-08-30,57.8518
2007-08-29,57.5582
2007-08-28,57.3855
2007-08-27,57.3881
2007-08-24,57.3504
2007-08-23,57.3194
2007-08-22,57.2822
2007-08-21,57.4362
2007-08-20,57.6476
2007-08-17,57.8682
2007-08-16,57.8990
2007-08-15,58.0613
2007-08-14,58.0827
2007-08-13,57.9902
2007-08-10,58.0629
2007-08-09,58.1958
2007-08-08,58.4744
2007-08-07,58.7175
2007-08-06,58.8534
2007-08-03,58.9817
2007-08-02,59.1321
2007-08-01,59.2676
2007-07-31,59.2181
2007-07-30,59.2243
2007-07-27,58.9740
2007-07-26,58.6124
2007-07-25,58.2390
2007-07-24,57.7754
2007-07-23,57.3871
2007-07-20,57.0054
2007-07-19,56.7077
2007-07-18,56.3054
2007-07-17,56.0736
2007-07-16,55.7770
2007-07-13,55.5498
2007-07-12,55.4133
2007-07-11,55.2150
2007-07-10,55.0208
2007-07-09,54.8390
2007-07-06,54.6057
2007-07-05,54.4805
2007-07-03,54.3750
2007-07-02,54.3708
2007-06-29,54.3873
2007-06-28,54.3791
2007-06-27,54.2709
2007-06-26,54.1519
2007-06-25,53.9979
2007-06-22,53.9011
2007-06-21,53.8305
2007-06-20,53.5833
2007-06-19,53.3984
2007-06-18,53.3644
2007-06-15,53.4108
2007-06-14,53.4854
2007-06-13,53.6271
2007-06-12,53.8233
2007-06-11,54.0072
2007-06-08,54.1081
2007-06-07,54.1535
2007-06-06,54.3482
2007-06-05,54.5691
2007-06-04,54.6309
2007-06-01,54.7216
2007-05-31,54.6582
2007-05-30,54.6206
2007-05-29,54.5125
2007-05-25,54.4950
2007-05-24,54.5362
2007-05-23,54.5738
2007-05-22,54.5120
2007-05-21,54.3363
2007-05-18,54.0955
2007-05-17,53.8159
2007-05-16,53.6662
2007-05-15,53.4579
2007-05-14,53.3519
2007-05-11,53.1585
2007-05-10,52.8907
2007-05-09,52.6759
2007-05-08,52.5054
2007-05-07,52.2386
2007-05-04,51.8512
2007-05-03,51.4212
2007-05-02,50.9846
2007-05-01,50.6039
2007-04-30,50.2935
2007-04-27,49.9841
2007-04-26,49.6640
2007-04-25,49.3956
2007-04-24,49.0724
2007-04-23,48.9682
2007-04-20,49.0406
2007-04-19,49.1401
2007-04-18,49.2386
2007-04-17,49.3053
2007-04-16,49.2073
2007-04-13,49.1088
2007-04-12,49.0903
2007-04-11,49.0180
2007-04-10,48.9959
2007-04-09,48.9210
2007-04-05,48.8394
2007-04-04,48.7712
2007-04-03,48.7276
2007-04-02,48.6455
2007-03-30,48.5829
2007-03-29,48.5311
2007-03-28,48.4736
2007-03-27,48.4480
2007-03-26,48.3443
2007-03-23,48.2987
2007-03-22,48.2089
2007-03-21,48.0965
2007-03-20,48.0236
2007-03-19,47.9877
2007-03-16,47.8759
2007-03-15,47.7553
2007-03-14,47.6948
2007-03-13,47.6527
2007-03-12,47.7168
2007-03-09,47.8605
2007-03-08,48.0888
2007-03-07,48.3710
2007-03-06,48.6352
2007-03-05,48.9200
2007-03-02,49.2884
2007-03-01,49.6999
2007-02-28,50.0554
2007-02-27,50.3299
2007-02-26,50.5670
2007-02-23,50.6511
2007-02-22,50.7481
2007-02-21,50.8015
2007-02-20,50.8097
2007-02-16,50.8471
2007-02-15,50.8410
2007-02-14,50.8299
2007-02-13,50.8120
2007-02-12,50.8521
2007-02-09,50.8349
2007-02-08,50.7634
2007-02-07,50.6401
2007-02-06,50.5153
2007-02-05,50.3889
2007-02-02,50.2217
2007-02-01,50.0682
2007-01-31,50.0912
2007-01-30,50.1357
2007-01-29,50.2099
2007-01-26,50.2508
2007-01-25,50.3122
2007-01-24,50.3828
2007-01-23,50.5194
2007-01-22,50.6125
2007-01-19,50.6283
2007-01-18,50.7378
2007-01-17,50.6263
2007-01-16,50.4795
2007-01-12,50.2825
2007-01-11,50.1731
2007-01-10,50.0201
2007-01-09,49.8339
2007-01-08,49.6211
2007-01-05,49.4728
2007-01-04,49.4001
2007-01-03,49.2533
2006-12-29,49.1526
2006-12-28,49.0610
2006-12-27,48.9485
2006-12-26,48.7909
2006-12-22,48.6876
2006-12-21,48.6165
2006-12-20,48.5305
2006-12-19,48.4344
2006-12-18,48.3566
2006-12-15,48.2579
2006-12-14,48.0507
2006-12-13,47.8747
2006-12-12,47.7085
2006-12-11,47.5668
2006-12-08,47.4548
2006-12-07,47.4287
2006-12-06,47.3924
2006-12-05,47.3392
2006-12-04,47.2762
2006-12-01,47.2916
2006-11-30,47.4051
2006-11-29,47.4660
2006-11-28,47.5566
2006-11-27,47.5934
2006-11-24,47.6092
2006-11-22,47.5617
2006-11-21,47.5141
2006-11-20,47.4666
2006-11-17,47.4181
2006-11-16,47.2802
2006-11-15,47.1735
2006-11-14,47.0913
2006-11-13,47.0269
2006-11-10,46.9827
2006-11-09,46.9165
2006-11-08,46.8564
2006-11-07,46.8023
2006-11-06,46.7534
2006-11-03,46.7004
2006-11-02,46.6529
2006-11-01,46.5601
2006-10-31,46.4592
2006-10-30,46.1849
2006-10-27,45.9406
2006-10-26,45.7020
2006-10-25,45.3532
2006-10-24,44.9637
2006-10-23,44.5915
2006-10-20,44.2060
2006-10-19,43.8317
2006-10-18,43.4779
2006-10-17,43.1352
2006-10-16,42.8650
2006-10-13,42.6182
2006-10-12,42.4071
2006-10-11,42.2689
2006-10-10,42.1619
2006-10-09,42.0757
2006-10-06,41.9737
2006-10-05,41.8753
2006-10-04,41.8085
2006-10-03,41.8248
2006-10-02,41.8360
2006-09-29,41.8549
2006-09-28,41.9059
2006-09-27,41.9304
2006-09-26,41.9365
2006-09-25,41.9253
2006-09-22,41.8707
2006-09-21,41.8427
2006-09-20,41.7300
2006-09-19,41.5699
2006-09-18,41.5179
2006-09-15,41.4756
2006-09-14,41.3751
2006-09-13,41.3114
2006-09-12,41.2701
2006-09-11,41.1701
2006-09-08,41.1166
2006-09-07,41.0513
2006-09-06,41.0141
2006-09-05,40.9463
2006-09-01,40.8662
2006-08-31,40.7893
2006-08-30,40.7077
2006-08-29,40.5991
2006-08-28,40.3788
2006-08-25,40.1932
2006-08-24,39.9689
2006-08-23,39.7833
2006-08-22,39.6160
2006-08-21,39.4314
2006-08-18,39.2244
2006-08-17,39.0056
2006-08-16,38.8352
2006-08-15,38.6785
2006-08-14,38.6152
2006-08-11,38.6368
2006-08-10,38.6967
2006-08-09,38.7022
2006-08-08,38.7093
2006-08-07,38.7225
2006-08-04,38.7463
2006-08-03,38.6930
2006-08-02,38.6498
2006-08-01,38.6371
2006-07-31,38.5417
2006-07-28,38.3533
2006-07-27,38.1811
2006-07-26,38.0841
2006-07-25,38.0663
2006-07-24,38.0958
2006-07-21,38.1303
2006-07-20,38.2095
2006-07-19,38.3421
2006-07-18,38.4284
2006-07-17,38.6194
2006-07-14,38.7778
2006-07-13,38.9820
2006-07-12,39.0998
2006-07-11,39.1582
2006-07-10,39.1927
2006-07-07,39.2146
2006-07-06,39.2537
2006-07-05,39.2644
2006-07-03,39.2755
2006-06-30,39.2578
2006-06-29,39.3151
2006-06-28,39.3644
2006-06-27,39.4228
2006-06-26,39.4380
2006-06-23,39.4314
2006-06-22,39.4777
2006-06-21,39.4695
2006-06-20,39.5127
2006-06-19,39.6026
2006-06-16,39.6732
2006-06-15,39.7529
2006-06-14,39.8611
2006-06-13,39.9723
2006-06-12,40.1364
2006-06-09,40.3258
2006-06-08,40.4340
2006-06-07,40.5736
2006-06-06,40.6082
2006-06-05,40.6214
2006-06-02,40.6833
2006-06-01,40.7412
2006-05-31,40.7707
2006-05-30,40.8855
2006-05-26,41.0241
2006-05-25,41.1074
2006-05-24,41.2252
2006-05-23,41.3837
2006-05-22,41.5563
2006-05-19,41.7021
2006-05-18,41.8240
2006-05-17,41.8988
2006-05-16,41.9563
2006-05-15,41.9544
2006-05-12,41.9058
2006-05-11,41.8882
2006-05-10,41.9450
2006-05-09,41.9525
2006-05-08,41.9090
2006-05-05,41.8543
2006-05-04,41.7875
2006-05-03,41.7668
2006-05-02,41.7243
2006-05-01,41.7693
2006-04-28,41.7394
2006-04-27,41.7212
2006-04-26,41.5628
2006-04-25,41.4520
2006-04-24,41.4232
2006-04-21,41.4419
2006-04-20,41.5507
2006-04-19,41.6595
2006-04-18,41.7400
2006-04-17,41.7273
2006-04-13,41.7693
2006-04-12,41.8310
2006-04-11,41.9515
2006-04-10,42.0157
2006-04-07,42.0653
2006-04-06,42.1099
2006-04-05,42.0790
2006-04-04,42.0932
2006-04-03,42.1114
2006-03-31,42.1377
2006-03-30,42.1797
2006-03-29,42.1630
2006-03-28,42.1756
2006-03-27,42.1984
2006-03-24,42.1402
2006-03-23,42.0496
2006-03-22,41.9393
2006-03-21,41.7718
2006-03-20,41.5937
2006-03-17,41.4125
2006-03-16,41.2435
2006-03-15,41.0953
2006-03-14,40.9192
2006-03-13,40.7856
2006-03-10,40.7198
2006-03-09,40.6454
2006-03-08,40.6039
2006-03-07,40.6145
2006-03-06,40.6252
2006-03-03,40.6611
2006-03-02,40.7092
2006-03-01,40.7552
2006-02-28,40.8154
2006-02-27,40.8256
2006-02-24,40.8610
2006-02-23,40.8762
2006-02-22,40.9065
2006-02-21,40.8105
2006-02-17,40.7505
2006-02-16,40.7031
2006-02-15,40.7091
2006-02-14,40.7540
2006-02-13,40.7545
2006-02-10,40.8045
2006-02-09,40.7787
2006-02-08,40.7848
2006-02-07,40.7803
2006-02-06,40.8408
2006-02-03,40.9368
2006-02-02,41.0069
2006-02-01,41.1008
2006-01-31,41.2280
2006-01-30,41.3138
2006-01-27,41.3916
2006-01-26,41.5203
2006-01-25,41.6944
2006-01-24,41.8539
2006-01-23,41.9993
2006-01-20,42.1780
2006-01-19,42.2356
2006-01-18,42.1780
2006-01-17,42.0569
2006-01-13,42.0165
2006-01-12,41.9776
2006-01-11,41.9509
2006-01-10,41.8913
2006-01-09,41.8615
2006-01-06,41.8358
2006-01-05,41.7434
2006-01-04,41.7424
2006-01-03,41.7833
2005-12-30,41.8494
2005-12-29,41.9165
2005-12-28,41.9534
2005-12-27,41.9872
2005-12-23,42.1371
2005-12-22,42.3133
2005-12-21,42.5293
2005-12-20,42.8120
2005-12-19,43.1482
2005-12-16,43.4344
2005-12-15,43.7009
2005-12-14,43.9877
2005-12-13,44.2789
2005-12-12,44.5510
2005-12-09,44.7100
2005-12-08,44.8024
2005-12-07,44.8680
2005-12-06,44.8311
2005-12-05,44.7378
2005-12-02,44.7044
2005-12-01,44.6156
2005-11-30,44.4808
2005-11-29,44.3107
2005-11-28,44.0715
2005-11-25,43.8413
2005-11-23,43.5985
2005-11-22,43.2976
2005-11-21,43.0533
2005-11-18,42.8574
2005-11-17,42.6066
2005-11-16,42.3936
2005-11-15,42.1072
2005-11-14,41.8984
2005-11-11,41.7633
2005-11-10,41.5955
2005-11-09,41.5007
2005-11-08,41.4932
2005-11-07,41.4937
2005-11-04,41.4866
2005-11-03,41.5032
2005-11-02,41.5183
2005-11-01,41.6750
2005-10-31,41.7701
2005-10-28,41.8059
2005-10-27,41.8527
2005-10-26,41.8472
2005-10-25,41.8119
2005-10-24,41.8034
2005-10-21,41.6916
2005-10-20,41.5491
2005-10-19,41.3743
2005-10-18,41.1553
2005-10-17,40.9856
2005-10-14,40.8778
2005-10-13,40.7705
2005-10-12,40.6779
2005-10-11,40.5424
2005-10-10,40.2806
2005-10-07,40.0872
2005-10-06,39.9613
2005-10-05,39.8863
2005-10-04,39.7725
2005-10-03,39.7015
2005-09-30,39.6501
2005-09-29,39.6556
2005-09-28,39.6380
2005-09-27,39.6874
2005-09-26,39.8264
2005-09-23,40.0313
2005-09-22,40.2045
2005-09-21,40.3350
2005-09-20,40.5072
2005-09-19,40.6240
2005-09-16,40.6255
2005-09-15,40.5857
2005-09-14,40.6165
2005-09-13,40.6195
2005-09-12,40.6492
2005-09-09,40.5938
2005-09-08,40.5767
2005-09-07,40.6029
2005-09-06,40.6557
2005-09-02,40.7353
2005-09-01,40.9015
2005-08-31,40.9826
2005-08-30,41.0168
2005-08-29,41.0551
2005-08-26,41.1135
2005-08-25,41.2046
2005-08-24,41.2832
2005-08-23,41.3184
2005-08-22,41.3925
2005-08-19,41.4307
2005-08-18,41.4509
2005-08-17,41.5401
2005-08-16,41.6689
2005-08-15,41.7601
2005-08-12,41.7969
2005-08-11,41.8508
2005-08-10,41.8981
2005-08-09,41.9811
2005-08-08,42.0022
2005-08-05,42.0344
2005-08-04,42.0886
2005-08-03,42.1529
2005-08-02,42.1801
2005-08-01,42.1997
2005-07-29,42.1183
2005-07-28,42.0640
2005-07-27,41.9947
2005-07-26,41.8731
2005-07-25,41.6681
2005-07-22,41.4049
2005-07-21,41.1467
2005-07-20,40.7940
2005-07-19,40.3525
2005-07-18,39.9048
2005-07-15,39.5462
2005-07-14,39.1352
2005-07-13,38.7489
2005-07-12,38.4400
2005-07-11,38.1305
2005-07-08,37.8818
2005-07-07,37.6864
2005-07-06,37.6789
2005-07-05,37.7090
2005-07-01,37.7974
2005-06-30,37.8838
2005-06-29,38.0270
2005-06-28,38.1059
2005-06-27,38.0853
2005-06-24,38.1441
2005-06-23,38.1822
2005-06-22,38.1581
2005-06-21,38.0361
2005-06-20,37.9672
2005-06-17,37.8894
2005-06-16,37.8592
2005-06-15,37.8743
2005-06-14,37.9014
2005-06-13,37.9346
2005-06-10,38.0376
2005-06-09,38.1566
2005-06-08,38.2104
2005-06-07,38.2611
2005-06-06,38.3350
2005-06-03,38.4058
2005-06-02,38.4746
2005-06-01,38.4249
2005-05-31,38.2968
2005-05-27,38.2360
2005-05-26,38.0381
2005-05-25,37.8110
2005-05-24,37.6743
2005-05-23,37.5483
2005-05-20,37.4714
2005-05-19,37.4136
2005-05-18,37.3202
2005-05-17,37.3461
2005-05-16,37.4454
2005-05-13,37.5442
2005-05-12,37.6958
2005-05-11,37.8510
2005-05-10,38.0301
2005-05-09,38.1271
2005-05-06,38.0986
2005-05-05,38.0359
2005-05-04,37.9608
2005-05-03,37.7068
2005-05-02,37.6572
2005-04-29,37.6642
2005-04-28,37.6802
2005-04-27,38.0675
2005-04-26,38.4443
2005-04-25,38.9614
2005-04-22,39.5421
2005-04-21,40.2129
2005-04-20,40.9364
2005-04-19,41.7877
2005-04-18,42.4936
2005-04-15,43.1786
2005-04-14,43.8670
2005-04-13,44.2548
2005-04-12,44.5609
2005-04-11,44.8039
2005-04-08,45.0464
2005-04-07,45.2017
2005-04-06,45.3059
2005-04-05,45.3310
2005-04-04,45.3280
2005-04-01,45.2759
2005-03-31,45.2468
2005-03-30,45.2102
2005-03-29,45.2453
2005-03-28,45.3105
2005-03-24,45.3340
2005-03-23,45.4197
2005-03-22,45.5114
2005-03-21,45.6431
2005-03-18,45.7479
2005-03-17,45.9027
2005-03-16,46.0304
2005-03-15,46.1442
2005-03-14,46.2404
2005-03-11,46.2744
2005-03-10,46.3391
2005-03-09,46.3506
2005-03-08,46.3381
2005-03-07,46.3476
2005-03-04,46.4313
2005-03-03,46.5004
2005-03-02,46.6111
2005-03-01,46.6818
2005-02-28,46.6953
2005-02-25,46.7314
2005-02-24,46.7294
2005-02-23,46.7324
2005-02-22,46.8341
2005-02-18,46.9358
2005-02-17,46.9889
2005-02-16,46.9694
2005-02-15,46.9444
2005-02-14,46.9118
2005-02-11,46.8954
2005-02-10,46.8660
2005-02-09,46.8181
2005-02-08,46.7717
2005-02-07,46.6657
2005-02-04,46.5287
2005-02-03,46.4222
2005-02-02,46.3952
2005-02-01,46.3351
2005-01-31,46.3872
2005-01-28,46.4212
2005-01-27,46.4992
2005-01-26,46.6607
2005-01-25,46.8132
2005-01-24,46.9877
2005-01-21,47.1873
2005-01-20,47.3783
2005-01-19,47.5533
2005-01-18,47.7334
2005-01-14,47.8759
2005-01-13,48.0999
2005-01-12,48.2924
2005-01-11,48.4410
2005-01-10,48.6060
2005-01-07,48.6970
2005-01-06,48.7940
2005-01-05,48.8645
2005-01-04,48.8905
2005-01-03,48.8830
2004-12-31,48.8055
2004-12-30,48.7490
2004-12-29,48.7005
2004-12-28,48.6570
2004-12-27,48.5645
2004-12-23,48.5230
2004-12-22,48.5125
2004-12-21,48.4645
2004-12-20,48.4185
2004-12-17,48.4745
2004-12-16,48.5185
2004-12-15,48.4340
2004-12-14,48.3615
2004-12-13,48.2079
2004-12-10,48.1604
2004-12-09,48.0629
2004-12-08,47.9604
2004-12-07,47.8919
2004-12-06,47.8424
2004-12-03,47.6813
2004-12-02,47.5823
2004-12-01,47.5673
2004-11-30,47.5178
2004-11-29,47.6018
2004-11-26,47.5928
2004-11-24,47.5963
2004-11-23,47.5038
2004-11-22,47.4083
2004-11-19,47.3213
2004-11-18,47.2538
2004-11-17,47.1089
2004-11-16,46.8871
2004-11-15,46.6574
2004-11-12,46.3581
2004-11-11,46.0710
2004-11-10,45.7978
2004-11-09,45.6086
2004-11-08,45.3815
2004-11-05,45.1260
2004-11-04,44.8320
2004-11-03,44.6184
2004-11-02,44.4996
2004-11-01,44.4447
2004-10-29,44.2356
2004-10-28,43.9910
2004-10-27,43.7554
2004-10-26,43.5048
2004-10-25,43.3551
2004-10-22,43.2653
2004-10-21,43.2313
2004-10-20,43.1974
2004-10-19,43.1585
2004-10-18,43.0561
2004-10-15,43.1180
2004-10-14,43.2114
2004-10-13,43.2593
2004-10-12,43.2593
2004-10-11,43.1834
2004-10-08,43.0601
2004-10-07,42.9463
2004-10-06,42.7697
2004-10-05,42.5835
2004-10-04,42.5036
2004-10-01,42.4308
2004-09-30,42.3818
2004-09-29,42.4008
2004-09-28,42.4702
2004-09-27,42.5820
2004-09-24,42.6983
2004-09-23,42.8146
2004-09-22,42.9423
2004-09-21,43.0197
2004-09-20,42.9823
2004-09-17,42.9169
2004-09-16,42.8585
2004-09-15,42.7637
2004-09-14,42.6798
2004-09-13,42.5640
2004-09-10,42.4867
2004-09-09,42.3833
2004-09-08,42.3150
2004-09-07,42.2576
2004-09-03,42.2416
2004-09-02,42.2845
2004-09-01,42.3005
2004-08-31,42.3459
2004-08-30,42.3135
2004-08-27,42.2945
2004-08-26,42.2431
2004-08-25,42.1193
2004-08-24,42.0504
2004-08-23,42.0644
2004-08-20,42.0095
2004-08-19,41.9212
2004-08-18,41.9270
2004-08-17,41.9597
2004-08-16,42.0338
2004-08-13,42.1578
2004-08-12,42.3061
2004-08-11,42.5244
2004-08-10,42.6230
2004-08-09,42.6582
2004-08-06,42.7259
2004-08-05,42.7852
2004-08-04,42.8285
2004-08-03,42.7952
2004-08-02,42.8275
2004-07-30,42.7583
2004-07-29,42.6194
2004-07-28,42.4824
2004-07-27,42.3967
2004-07-26,42.3654
2004-07-23,42.3584
2004-07-22,42.3106
2004-07-21,42.1905
2004-07-20,42.1930
2004-07-19,42.1602
2004-07-16,42.2468
2004-07-15,42.4072
2004-07-14,42.6129
2004-07-13,42.8201
2004-07-12,42.9924
2004-07-09,43.2215
2004-07-08,43.5253
2004-07-07,43.8809
2004-07-06,44.1135
2004-07-02,44.3022
2004-07-01,44.4526
2004-06-30,44.5991
2004-06-29,44.7101
2004-06-28,44.8222
2004-06-25,44.8899
2004-06-24,44.9353
2004-06-23,44.9402
2004-06-22,44.9029
2004-06-21,44.8341
2004-06-18,44.7380
2004-06-17,44.6031
2004-06-16,44.4805
2004-06-15,44.3680
2004-06-14,44.2709
2004-06-10,44.1972
2004-06-09,44.0921
2004-06-08,44.0228
2004-06-07,43.8764
2004-06-04,43.8012
2004-06-03,43.7942
2004-06-02,43.7793
2004-06-01,43.6837
2004-05-28,43.5547
2004-05-27,43.4461
2004-05-26,43.3764
2004-05-25,43.2997
2004-05-24,43.2215
2004-05-21,43.2105
2004-05-20,43.2633
2004-05-19,43.3101
2004-05-18,43.3963
2004-05-17,43.5337
2004-05-14,43.6488
2004-05-13,43.7275
2004-05-12,43.8126
2004-05-11,43.9828
2004-05-10,44.1717
2004-05-07,44.3394
2004-05-06,44.4841
2004-05-05,44.5934
2004-05-04,44.7077
2004-05-03,44.7897
2004-04-30,44.9846
2004-04-29,45.1888
2004-04-28,45.4319
2004-04-27,45.5954
2004-04-26,45.6913
2004-04-23,45.8558
2004-04-22,45.9473
2004-04-21,46.0636
2004-04-20,46.1849
2004-04-19,46.3603
2004-04-16,46.4727
2004-04-15,46.4771
2004-04-14,46.3713
2004-04-13,46.3027
2004-04-12,46.2848
2004-04-08,46.2366
2004-04-07,46.2003
2004-04-06,46.1352
2004-04-05,46.0169
2004-04-02,45.8598
2004-04-01,45.7316
2004-03-31,45.7554
2004-03-30,45.8325
2004-03-29,45.8390
2004-03-26,45.7962
2004-03-25,45.8225
2004-03-24,45.7639
2004-03-23,45.8280
2004-03-22,45.9876
2004-03-19,46.1650
2004-03-18,46.4051
2004-03-17,46.5810
2004-03-16,46.7525
2004-03-15,46.9697
2004-03-12,47.2291
2004-03-11,47.3882
2004-03-10,47.6655
2004-03-09,47.8385
2004-03-08,47.9508
2004-03-05,48.0189
2004-03-04,48.0617
2004-03-03,48.1317
2004-03-02,48.2103
2004-03-01,48.3370
2004-02-27,48.4697
2004-02-26,48.6089
2004-02-25,48.7664
2004-02-24,48.9190
2004-02-23,49.0264
2004-02-20,49.1745
2004-02-19,49.2436
2004-02-18,49.3544
2004-02-17,49.4249
2004-02-13,49.4179
2004-02-12,49.3861
2004-02-11,49.3141
2004-02-10,49.1780
2004-02-09,49.1299
2004-02-06,49.1666
2004-02-05,49.1070
2004-02-04,49.0400
2004-02-03,48.9165
2004-02-02,48.7726
2004-01-30,48.5706
2004-01-29,48.3121
2004-01-28,47.9300
2004-01-27,47.5489
2004-01-26,47.1891
2004-01-23,46.7604
2004-01-22,46.5192
2004-01-21,46.2845
2004-01-20,46.0542
2004-01-16,45.8533
2004-01-15,45.6662
2004-01-14,45.5997
2004-01-13,45.7148
2004-01-12,45.9044
2004-01-09,45.9714
2004-01-08,46.0240
2004-01-07,46.0116
2004-01-06,46.0418
2004-01-05,46.0458
2004-01-02,46.0299
2003-12-31,46.1217
2003-12-30,46.1862
2003-12-29,46.1604
2003-12-26,46.1202
2003-12-24,46.0954
2003-12-23,46.0686
2003-12-22,45.9614
2003-12-19,45.8528
2003-12-18,45.7287
2003-12-17,45.6637
2003-12-16,45.5099
2003-12-15,45.3496
2003-12-12,45.2950
2003-12-11,45.1873
2003-12-10,45.0638
2003-12-09,44.9496
2003-12-08,44.9015
2003-12-05,44.7740
2003-12-04,44.6623
2003-12-03,44.5621
2003-12-02,44.4951
2003-12-01,44.4480
2003-11-28,44.4102
2003-11-26,44.4375
2003-11-25,44.4762
2003-11-24,44.4728
2003-11-21,44.4872
2003-11-20,44.4688
2003-11-19,44.5159
2003-11-18,44.4629
2003-11-17,44.4645
2003-11-14,44.4505
2003-11-13,44.4044
2003-11-12,44.2987
2003-11-11,44.2238
2003-11-10,44.2426
2003-11-07,44.1638
2003-11-06,44.1639
2003-11-05,44.0971
2003-11-04,44.0956
2003-11-03,44.0852
2003-10-31,44.0515
2003-10-30,44.0391
2003-10-29,44.0470
2003-10-28,44.2154
2003-10-27,44.3551
2003-10-24,44.5869
2003-10-23,44.7975
2003-10-22,45.0105
2003-10-21,45.2185
2003-10-20,45.3557
2003-10-17,45.4637
2003-10-16,45.5335
2003-10-15,45.5732
2003-10-14,45.4548
2003-10-13,45.2373
2003-10-10,45.0516
2003-10-09,44.8723
2003-10-08,44.7217
2003-10-07,44.5602
2003-10-06,44.5424
2003-10-03,44.5528
2003-10-02,44.6835
2003-10-01,44.7786
2003-09-30,44.7925
2003-09-29,44.8896
2003-09-26,44.8420
2003-09-25,44.8247
2003-09-24,44.7509
2003-09-23,44.6736
2003-09-22,44.5785
2003-09-19,44.4651
2003-09-18,44.1515
2003-09-17,43.9489
2003-09-16,43.7360
2003-09-15,43.5116
2003-09-12,43.1906
2003-09-11,42.8538
2003-09-10,42.5605
2003-09-09,42.2960
2003-09-08,41.9265
2003-09-05,41.6228
2003-09-04,41.4197
2003-09-03,41.1790
2003-09-02,41.0066
2003-08-29,40.8957
2003-08-28,40.8848
2003-08-27,40.8679
2003-08-26,40.8283
2003-08-25,40.7793
2003-08-22,40.7327
2003-08-21,40.6292
2003-08-20,40.5222
2003-08-19,40.3587
2003-08-18,40.2022
2003-08-15,40.0758
2003-08-14,40.0420
2003-08-13,40.0185
2003-08-12,39.9986
2003-08-11,40.0049
2003-08-08,40.0720
2003-08-07,40.1960
2003-08-06,40.2285
2003-08-05,40.3466
2003-08-04,40.4455
2003-08-01,40.5132
2003-07-31,40.6343
2003-07-30,40.7372
2003-07-29,41.0229
2003-07-28,41.2523
2003-07-25,41.3947
2003-07-24,41.4609
2003-07-23,41.5855
2003-07-22,41.7422
2003-07-21,41.9597
2003-07-18,42.1372
2003-07-17,42.1485
2003-07-16,42.2182
2003-07-15,42.0625
2003-07-14,41.8677
2003-07-11,41.7689
2003-07-10,41.7422
2003-07-09,41.6660
2003-07-08,41.5751
2003-07-07,41.4233
2003-07-03,41.3655
2003-07-02,41.3951
2003-07-01,41.3932
2003-06-30,41.4283
2003-06-27,41.5271
2003-06-26,41.4940
2003-06-25,41.4742
2003-06-24,41.5474
2003-06-23,41.4525
2003-06-20,41.3942
2003-06-19,41.1534
2003-06-18,41.0224
2003-06-17,41.0002
2003-06-16,40.9764
2003-06-13,41.1163
2003-06-12,41.3778
2003-06-11,41.5464
2003-06-10,41.7244
2003-06-09,42.0200
2003-06-06,42.1812
2003-06-05,42.4792
2003-06-04,42.6908
2003-06-03,42.7660
2003-06-02,42.8960
2003-05-30,42.9780
2003-05-29,43.0700
2003-05-28,43.1362
2003-05-27,43.2554
2003-05-23,43.3201
2003-05-22,43.4333
2003-05-21,43.4319
2003-05-20,43.4566
2003-05-19,43.5346
2003-05-16,43.5302
2003-05-15,43.4520
2003-05-14,43.2460
2003-05-13,43.0504
2003-05-12,42.8290
2003-05-09,42.6295
2003-05-08,42.4404
2003-05-07,42.3906
2003-05-06,42.3368
2003-05-05,42.2441
2003-05-02,42.0881
2003-05-01,41.9248
2003-04-30,41.7763
2003-04-29,41.6722
2003-04-28,41.3963
2003-04-25,41.0820
2003-04-24,40.8417
2003-04-23,40.5215
2003-04-22,40.2412
2003-04-21,39.9866
2003-04-17,39.8598
2003-04-16,39.7438
2003-04-15,39.6738
2003-04-14,39.4734
2003-04-11,39.3925
2003-04-10,39.4961
2003-04-09,39.6165
2003-04-08,39.7567
2003-04-07,39.9234
2003-04-04,40.0113
2003-04-03,40.2141
2003-04-02,40.2284
2003-04-01,40.2550
2003-03-31,40.4396
2003-03-28,40.6384
2003-03-27,40.5471
2003-03-26,40.3991
2003-03-25,40.0848
2003-03-24,39.6851
2003-03-21,39.3619
2003-03-20,39.0165
2003-03-19,38.7634
2003-03-18,38.5527
2003-03-17,38.2680
2003-03-14,38.0148
2003-03-13,37.9630
2003-03-12,37.9053
2003-03-11,38.0148
2003-03-10,38.1984
2003-03-07,38.3395
2003-03-06,38.4407
2003-03-05,38.5433
2003-03-04,38.6311
2003-03-03,38.7609
2003-02-28,38.7668
2003-02-27,38.6637
2003-02-26,38.6252
2003-02-25,38.6247
2003-02-24,38.5675
2003-02-21,38.4954
2003-02-20,38.3750
2003-02-19,38.2744
2003-02-18,38.1477
2003-02-14,38.0835
2003-02-13,38.1130
2003-02-12,38.2259
2003-02-11,38.4068
2003-02-10,38.5334
2003-02-07,38.5511
2003-02-06,38.6368
2003-02-05,38.8037
2003-02-04,38.9239
2003-02-03,39.0938
2003-01-31,39.2475
2003-01-30,39.6341
2003-01-29,40.0916
2003-01-28,40.4984
2003-01-27,40.8628
2003-01-24,41.3189
2003-01-23,41.7133
2003-01-22,41.8680
2003-01-21,42.1782
2003-01-17,42.3284
2003-01-16,42.3457
2003-01-15,42.0758
2003-01-14,41.5789
2003-01-13,40.9717
2003-01-10,40.4718
2003-01-09,40.0197
2003-01-08,39.6631
2003-01-07,39.4696
2003-01-06,39.1637
2003-01-03,38.9210
2003-01-02,38.7968
2002-12-31,38.7840
2002-12-30,38.9869
2002-12-27,39.1716
2002-12-26,39.3100
2002-12-24,39.4548
2002-12-23,39.5060
2002-12-20,39.4730
2002-12-19,39.5976
2002-12-18,39.8143
2002-12-17,40.0389
2002-12-16,40.2802
2002-12-13,40.5599
2002-12-12,40.9007
2002-12-11,41.2716
2002-12-10,41.4499
2002-12-09,41.7158
2002-12-06,41.9542
2002-12-05,42.0812
2002-12-04,42.0098
2002-12-03,41.7478
2002-12-02,41.4508
2002-11-29,41.0918
2002-11-27,40.7865
2002-11-26,40.3753
2002-11-25,40.0842
2002-11-22,39.6454
2002-11-21,39.3085
2002-11-20,39.0155
2002-11-19,39.0121
2002-11-18,39.1677
2002-11-15,39.3237
2002-11-14,39.3357
2002-11-13,39.2409
2002-11-12,39.2003
2002-11-11,39.0746
2002-11-08,39.0318
2002-11-07,38.8758
2002-11-06,38.5319
2002-11-05,38.1834
2002-11-04,37.8299
2002-11-01,37.4883
2002-10-31,37.1860
2002-10-30,36.8547
2002-10-29,36.1778
2002-10-28,35.7717
2002-10-25,35.1258
2002-10-24,34.6027
2002-10-23,33.8890
2002-10-22,32.9289
2002-10-21,32.0716
2002-10-18,31.1528
2002-10-17,30.2852
2002-10-16,29.6855
2002-10-15,29.4264
2002-10-14,29.0671
2002-10-11,28.8159
2002-10-10,28.6409
2002-10-09,28.8591
2002-10-08,29.2494
2002-10-07,29.3822
2002-10-04,29.7022
2002-10-03,30.0620
2002-10-02,30.2980
2002-10-01,30.7856
2002-09-30,31.3057
2002-09-27,31.9944
2002-09-26,32.5912
2002-09-25,33.0754
2002-09-24,33.6255
2002-09-23,34.4046
2002-09-20,34.9518
2002-09-19,35.4079
2002-09-18,35.7707
2002-09-17,35.9762
2002-09-16,36.0057
2002-09-13,36.1561
2002-09-12,36.3587
2002-09-11,36.5646
2002-09-10,36.7495
2002-09-09,36.9372
2002-09-06,37.2273
2002-09-05,37.6594
2002-09-04,38.0929
2002-09-03,38.4636
2002-08-30,38.9621
2002-08-29,39.1572
2002-08-28,39.1513
2002-08-27,39.0953
2002-08-26,38.7974
2002-08-23,38.4213
2002-08-22,38.0000
2002-08-21,37.4898
2002-08-20,36.9082
2002-08-19,36.2438
2002-08-16,35.4256
2002-08-15,34.8546
2002-08-14,34.4418
2002-08-13,34.2121
2002-08-12,34.1990
2002-08-09,34.1625
2002-08-08,33.8885
2002-08-07,33.7700
2002-08-06,33.7808
2002-08-05,33.7391
2002-08-02,33.8622
2002-08-01,34.0643
2002-07-31,34.2507
2002-07-30,34.2649
2002-07-29,34.1286
2002-07-26,34.1197
2002-07-25,34.2576
2002-07-24,34.2605
2002-07-23,34.2223
2002-07-22,34.3508
2002-07-19,34.4881
2002-07-18,34.5617
2002-07-17,34.4862
2002-07-16,34.3827
2002-07-15,34.3135
2002-07-12,34.3626
2002-07-11,34.4945
2002-07-10,34.5259
2002-07-09,34.5180
2002-07-08,34.5195
2002-07-05,34.3944
2002-07-03,34.3003
2002-07-02,34.4396
2002-07-01,34.8006
2002-06-28,35.2685
2002-06-27,35.4731
2002-06-26,35.6546
2002-06-25,35.8802
2002-06-24,36.2182
2002-06-21,36.5664
2002-06-20,37.0349
2002-06-19,37.4312
2002-06-18,37.7844
2002-06-17,37.9497
2002-06-14,37.9973
2002-06-13,38.2072
2002-06-12,38.5334
2002-06-11,38.8743
2002-06-10,39.1976
2002-06-07,39.5066
2002-06-06,39.8033
2002-06-05,40.0162
2002-06-04,40.1585
2002-06-03,40.4106
2002-05-31,40.7824
2002-05-30,41.0277
2002-05-29,41.1380
2002-05-28,41.3284
2002-05-24,41.3338
2002-05-23,41.1660
2002-05-22,40.9492
2002-05-21,40.8732
2002-05-20,40.5254
2002-05-17,40.1042
2002-05-16,39.9051
2002-05-15,39.8196
2002-05-14,39.8023
2002-05-13,39.7105
2002-05-10,39.7864
2002-05-09,40.0256
2002-05-08,40.3504
2002-05-07,40.5414
2002-05-06,41.0717
2002-05-03,41.6558
2002-05-02,42.0093
2002-05-01,42.2585
2002-04-30,42.2835
2002-04-29,42.4029
2002-04-26,42.4744
2002-04-25,42.5180
2002-04-24,42.3946
2002-04-23,42.5175
2002-04-22,42.5376
2002-04-19,42.5121
2002-04-18,42.9161
2002-04-17,43.4982
2002-04-16,44.2400
2002-04-15,44.9622
2002-04-12,45.8195
2002-04-11,46.7205
2002-04-10,47.6605
2002-04-09,48.3406
2002-04-08,49.1152
2002-04-05,50.0058
2002-04-04,50.4724
2002-04-03,50.7006
2002-04-02,51.0693
2002-04-01,51.3337
2002-03-28,51.5261
2002-03-27,51.6534
2002-03-26,51.8390
2002-03-25,52.1132
2002-03-22,52.1954
2002-03-21,52.1705
2002-03-20,52.0201
2002-03-19,52.0593
2002-03-18,51.9702
2002-03-15,51.9482
2002-03-14,51.7636
2002-03-13,51.3484
2002-03-12,50.8906
2002-03-11,50.3349
2002-03-08,49.9951
2002-03-07,49.6700
2002-03-06,49.3111
2002-03-05,48.9688
2002-03-04,48.7548
2002-03-01,48.6075
2002-02-28,48.8459
2002-02-27,49.3331
2002-02-26,49.7610
2002-02-25,50.2619
2002-02-22,50.5895
2002-02-21,50.8568
2002-02-20,51.3587
2002-02-19,51.6941
2002-02-15,51.9565
2002-02-14,52.1998
2002-02-13,52.1929
2002-02-12,52.0627
2002-02-11,51.8813
2002-02-08,51.9121
2002-02-07,52.1151
2002-02-06,52.3436
2002-02-05,52.3989
2002-02-04,52.6042
2002-02-01,52.9685
2002-01-31,53.5504
2002-01-30,54.0154
2002-01-29,54.6658
2002-01-28,55.4017
2002-01-25,55.9963
2002-01-24,56.6251
2002-01-23,57.3963
2002-01-22,58.2178
2002-01-18,58.8803
2002-01-17,59.4353
2002-01-16,59.6192
2002-01-15,59.8197
2002-01-14,59.9228
2002-01-11,60.1600
2002-01-10,60.3160
2002-01-09,60.3287
2002-01-08,60.1800
2002-01-07,60.0480
2002-01-04,59.9820
2002-01-03,59.8984
2002-01-02,59.8270
2001-12-31,59.8192
2001-12-28,59.8260
2001-12-27,59.6964
2001-12-26,59.6818
2001-12-24,59.6378
2001-12-21,59.5502
2001-12-20,59.4720
2001-12-19,59.3468
2001-12-18,59.2251
2001-12-17,58.9532
2001-12-14,58.6006
2001-12-13,58.3312
2001-12-12,58.0466
2001-12-11,57.5063
2001-12-10,57.1493
2001-12-07,56.9865
2001-12-06,56.7396
2001-12-05,56.4560
2001-12-04,56.1645
2001-12-03,56.0843
2001-11-30,56.1024
2001-11-29,56.0613
2001-11-28,56.0574
2001-11-27,56.2799
2001-11-26,56.3122
2001-11-23,56.2022
2001-11-21,56.1269
2001-11-20,56.1029
2001-11-19,56.0066
2001-11-16,55.7540
2001-11-15,55.5030
2001-11-14,55.2587
2001-11-13,54.9452
2001-11-12,54.5450
2001-11-09,54.2334
2001-11-08,54.0839
2001-11-07,53.9232
2001-11-06,53.6585
2001-11-05,53.2776
2001-11-02,53.0471
2001-11-01,52.7125
2001-10-31,52.2910
2001-10-30,52.0386
2001-10-29,51.7065
2001-10-26,51.3831
2001-10-25,50.8791
2001-10-24,50.3292
2001-10-23,49.7764
2001-10-22,49.3529
2001-10-19,49.0233
2001-10-18,48.7972
2001-10-17,48.6043
2001-10-16,48.3137
2001-10-15,47.9191
2001-10-12,47.4653
2001-10-11,47.0199
2001-10-10,46.5609
2001-10-09,46.2703
2001-10-08,46.1389
2001-10-05,45.9582
2001-10-04,45.5909
2001-10-03,45.4000
2001-10-02,45.3536
2001-10-01,45.4820
2001-09-28,45.5128
2001-09-27,45.7448
2001-09-26,46.0666
2001-09-25,46.3938
2001-09-24,46.6820
2001-09-21,47.0087
2001-09-20,47.4702
2001-09-19,47.8101
2001-09-18,48.2072
2001-09-17,48.6248
2001-09-10,49.2851
2001-09-07,49.7988
2001-09-06,50.1119
2001-09-05,50.4030
2001-09-04,50.4782
2001-08-31,50.6056
2001-08-30,50.8323
2001-08-29,51.0955
2001-08-28,51.1385
2001-08-27,51.1995
2001-08-24,51.1507
2001-08-23,51.0510
2001-08-22,51.1038
2001-08-21,51.1150
2001-08-20,51.3210
2001-08-17,51.4317
2001-08-16,51.6000
2001-08-15,51.7418
2001-08-14,51.8349
2001-08-13,51.7796
2001-08-10,51.7722
2001-08-09,51.7531
2001-08-08,51.8400
2001-08-07,51.8673
2001-08-06,51.7824
2001-08-03,51.7502
2001-08-02,51.6293
2001-08-01,51.3952
2001-07-31,51.2596
2001-07-30,51.4215
2001-07-27,51.5176
2001-07-26,51.7044
2001-07-25,51.7653
2001-07-24,51.7146
2001-07-23,51.5902
2001-07-20,51.5351
2001-07-19,51.5742
2001-07-18,51.9692
2001-07-17,52.3935
2001-07-16,52.6774
2001-07-13,52.9544
2001-07-12,53.2749
2001-07-11,53.5807
2001-07-10,54.0289
2001-07-09,54.5503
2001-07-06,54.9478
2001-07-05,55.2453
2001-07-03,55.2936
2001-07-02,55.3843
2001-06-29,55.3804
2001-06-28,55.3852
2001-06-27,55.4170
2001-06-26,55.5642
2001-06-25,55.7696
2001-06-22,55.9993
2001-06-21,56.1568
2001-06-20,56.3836
2001-06-19,56.5987
2001-06-18,56.7026
2001-06-15,56.6719
2001-06-14,56.6372
2001-06-13,56.4446
2001-06-12,56.2549
2001-06-11,56.1583
2001-06-08,56.1798
2001-06-07,56.3505
2001-06-06,56.3578
2001-06-05,56.3826
2001-06-04,56.4836
2001-06-01,56.6689
2001-05-31,56.7753
2001-05-30,56.9704
2001-05-29,57.0157
2001-05-25,56.8835
2001-05-24,56.5914
2001-05-23,56.3768
2001-05-22,56.3563
2001-05-21,56.3412
2001-05-18,56.1813
2001-05-17,56.0976
2001-05-16,56.0242
2001-05-15,55.9980
2001-05-14,56.2315
2001-05-11,56.3507
2001-05-10,56.5581
2001-05-09,56.4803
2001-05-08,56.3697
2001-05-07,56.1179
2001-05-04,55.9279
2001-05-03,55.8777
2001-05-02,55.9152
2001-05-01,55.4817
2001-04-30,54.5653
2001-04-27,53.6695
2001-04-26,52.6952
2001-04-25,51.9007
2001-04-24,51.1310
2001-04-23,50.3189
2001-04-20,49.6344
2001-04-19,48.8248
2001-04-18,47.7302
2001-04-17,46.9454
2001-04-16,46.6999
2001-04-12,46.6721
2001-04-11,46.6156
2001-04-10,46.4685
2001-04-09,46.4904
2001-04-06,46.4612
2001-04-05,46.2449
2001-04-04,45.8011
2001-04-03,45.6588
2001-04-02,45.5570
2001-03-30,45.4567
2001-03-29,45.1605
2001-03-28,45.1858
2001-03-27,45.2126
2001-03-26,45.1585
2001-03-23,45.1629
2001-03-22,45.4445
2001-03-21,46.2907
2001-03-20,47.1904
2001-03-19,48.0527
2001-03-16,48.6524
2001-03-15,49.2467
2001-03-14,49.7577
2001-03-13,49.9983
2001-03-12,50.2029
2001-03-09,50.6808
2001-03-08,50.9103
2001-03-07,51.0287
2001-03-06,51.0267
2001-03-05,51.2946
2001-03-02,51.7862
2001-03-01,52.4916
2001-02-28,52.9324
2001-02-27,53.6071
2001-02-26,54.2068
2001-02-23,54.5332
2001-02-22,55.0252
2001-02-21,55.4154
2001-02-20,55.7347
2001-02-16,55.7637
2001-02-15,55.5273
2001-02-14,55.3881
2001-02-13,55.2310
2001-02-12,55.3640
2001-02-09,55.3617
2001-02-08,55.4622
2001-02-07,55.2930
2001-02-06,54.9719
2001-02-05,54.7223
2001-02-02,54.5442
2001-02-01,54.5918
2001-01-31,54.3125
2001-01-30,53.5675
2001-01-29,52.4065
2001-01-26,51.3763
2001-01-25,50.3788
2001-01-24,49.5365
2001-01-23,48.6664
2001-01-22,47.9122
2001-01-19,47.2037
2001-01-18,46.3249
2001-01-17,45.6587
2001-01-16,45.0806
2001-01-12,44.7035
2001-01-11,44.2870
2001-01-10,43.8490
2001-01-09,43.4291
2001-01-08,43.2559
2001-01-05,42.6719
2001-01-04,42.2827
2001-01-03,42.1333
2001-01-02,41.9328
2000-12-29,42.0788
2000-12-28,42.4408
2000-12-27,42.7328
2000-12-26,43.1795
2000-12-22,43.6753
2000-12-21,44.0646
2000-12-20,44.6271
2000-12-19,45.1502
2000-12-18,45.7950
2000-12-15,46.1779
2000-12-14,46.5580
2000-12-13,46.6096
2000-12-12,47.0261
2000-12-11,47.2207
2000-12-08,47.3881
2000-12-07,47.5312
2000-12-06,47.7930
2000-12-05,47.8781
2000-12-04,47.8723
2000-12-01,48.0460
2000-11-30,48.1740
2000-11-29,48.4596
2000-11-28,48.4445
2000-11-27,48.4236
2000-11-24,48.1589
2000-11-22,48.1346
2000-11-21,48.2076
2000-11-20,48.3865
2000-11-17,48.2371
2000-11-16,48.1422
2000-11-15,48.3153
2000-11-14,48.2697
2000-11-13,48.2148
2000-11-10,48.0079
2000-11-09,48.0356
2000-11-08,47.7042
2000-11-07,47.0933
2000-11-06,46.5651
2000-11-03,46.2035
2000-11-02,45.9425
2000-11-01,45.6753
2000-10-31,45.5236
2000-10-30,46.2283
2000-10-27,47.0938
2000-10-26,47.8408
2000-10-25,48.3447
2000-10-24,49.5324
2000-10-23,50.6711
2000-10-20,51.8894
2000-10-19,52.9221
2000-10-18,53.7361
2000-10-17,54.6561
2000-10-16,54.5375
2000-10-13,54.8626
2000-10-12,55.0356
2000-10-11,55.6251
2000-10-10,55.9167
2000-10-09,56.1232
2000-10-06,56.3691
2000-10-05,56.7516
2000-10-04,57.1554
2000-10-03,57.6599
2000-10-02,58.3587
2000-09-29,58.6231
2000-09-28,59.2247
2000-09-27,59.7894
2000-09-26,60.2603
2000-09-25,60.5461
2000-09-22,60.6190
2000-09-21,60.8926
2000-09-20,61.4699
2000-09-19,61.7950
2000-09-18,62.0988
2000-09-15,62.6032
2000-09-14,62.9444
2000-09-13,63.1115
2000-09-12,63.3637
2000-09-11,63.6796
2000-09-08,63.8983
2000-09-07,63.6704
2000-09-06,63.1781
2000-09-05,62.6887
2000-09-01,62.2149
2000-08-31,61.5739
2000-08-30,61.1113
2000-08-29,60.7254
2000-08-28,60.1967
2000-08-25,59.7957
2000-08-24,59.3885
2000-08-23,59.1426
2000-08-22,58.9239
2000-08-21,58.8024
2000-08-18,58.5469
2000-08-17,58.3187
2000-08-16,57.9966
2000-08-15,57.5960
2000-08-14,57.0312
2000-08-11,56.4907
2000-08-10,56.0566
2000-08-09,55.5920
2000-08-08,55.1546
2000-08-07,54.8148
2000-08-04,54.6299
2000-08-03,54.5755
2000-08-02,54.6362
2000-08-01,54.3692
2000-07-31,54.0201
2000-07-28,53.6925
2000-07-27,53.3104
2000-07-26,53.0041
2000-07-25,52.7492
2000-07-24,52.2638
2000-07-21,51.8177
2000-07-20,51.3473
2000-07-19,50.5706
2000-07-18,50.3885
2000-07-17,50.6890
2000-07-14,50.8861
2000-07-13,51.3745
2000-07-12,51.8492
2000-07-11,52.0983
2000-07-10,52.7007
2000-07-07,53.1162
2000-07-06,53.4439
2000-07-05,54.0871
2000-07-03,54.6391
2000-06-30,55.1668
2000-06-29,55.3459
2000-06-28,55.4823
2000-06-27,55.5901
2000-06-26,56.0541
2000-06-23,56.2692
2000-06-22,56.6488
2000-06-21,57.0343
2000-06-20,57.3498
2000-06-19,57.1556
2000-06-16,56.7886
2000-06-15,56.5731
2000-06-14,56.0483
2000-06-13,55.6265
2000-06-12,55.2201
2000-06-09,54.6425
2000-06-08,54.0022
2000-06-07,53.5104
2000-06-06,52.8488
2000-06-05,52.6973
2000-06-02,52.3881
2000-06-01,52.2546
2000-05-31,52.3454
2000-05-30,52.4274
2000-05-26,52.0997
2000-05-25,51.9784
2000-05-24,51.8784
2000-05-23,51.5570
2000-05-22,51.6361
2000-05-19,51.6604
2000-05-18,51.7236
2000-05-17,51.7932
2000-05-16,51.7991
2000-05-15,51.9077
2000-05-12,52.2804
2000-05-11,52.6168
2000-05-10,52.9104
2000-05-09,53.2681
2000-05-08,53.4316
2000-05-05,53.2677
2000-05-04,53.0801
2000-05-03,52.9530
2000-05-02,53.1169
2000-05-01,53.1412
2000-04-28,52.8017
2000-04-27,52.7591
2000-04-26,52.9108
2000-04-25,53.3409
2000-04-24,53.8074
2000-04-20,54.6132
2000-04-19,55.5223
2000-04-18,56.4921
2000-04-17,56.9619
2000-04-14,57.4531
2000-04-13,58.1014
2000-04-12,58.6895
2000-04-11,58.9441
2000-04-10,59.0958
2000-04-07,59.3261
2000-04-06,59.2049
2000-04-05,58.8413
2000-04-04,58.3200
2000-04-03,57.9472
2000-03-31,57.4987
2000-03-30,57.0928
2000-03-29,56.4261
2000-03-28,55.8443
2000-03-27,55.1713
2000-03-24,54.2413
2000-03-23,53.4961
2000-03-22,53.1446
2000-03-21,52.7567
2000-03-20,52.2475
2000-03-17,51.7777
2000-03-16,51.6807
2000-03-15,51.3956
2000-03-14,51.0683
2000-03-13,50.7837
2000-03-10,50.6291
2000-03-09,50.7624
2000-03-08,50.8836
2000-03-07,51.0048
2000-03-06,51.3927
2000-03-03,51.8504
2000-03-02,52.2747
2000-03-01,52.8871
2000-02-29,53.7051
2000-02-28,54.3504
2000-02-25,54.8775
2000-02-24,55.4166
2000-02-23,55.7498
2000-02-22,56.2375
2000-02-18,56.3832
2000-02-17,56.5288
2000-02-16,56.5411
2000-02-15,56.4264
2000-02-14,56.0758
2000-02-11,55.8856
2000-02-10,55.6954
2000-02-09,55.4173
2000-02-08,55.3816
2000-02-07,55.3908
2000-02-04,55.7482
2000-02-03,56.0331
2000-02-02,56.1241
2000-02-01,56.4147
2000-01-31,56.6933
2000-01-28,57.0502
2000-01-27,57.3743
2000-01-26,57.6649
2000-01-25,57.7739
2000-01-24,57.7197
2000-01-21,57.3322
2000-01-20,56.9689
2000-01-19,56.8236
2000-01-18,56.4632
2000-01-14,56.4753
2000-01-13,55.9061
2000-01-12,55.4460
2000-01-11,54.9374
2000-01-10,54.4922
2000-01-07,54.0926
2000-01-06,53.8562
2000-01-05,53.5656
2000-01-04,53.2808
2000-01-03,53.1423
1999-12-31,52.8516
1999-12-30,52.9156
1999-12-29,52.8308
1999-12-28,52.8429
1999-12-27,52.8376
1999-12-23,52.8013
1999-12-22,53.0314
1999-12-21,53.5293
1999-12-20,53.8441
1999-12-17,54.1735
1999-12-16,54.2641
1999-12-15,54.0742
1999-12-14,53.9008
1999-12-13,53.6010
1999-12-10,53.3341
1999-12-09,53.1403
1999-12-08,52.7107
1999-12-07,52.1188
1999-12-06,51.6949
1999-12-03,51.1108
1999-12-02,50.4389
1999-12-01,49.8809
1999-11-30,49.4547
1999-11-29,49.0187
1999-11-26,48.6157
1999-11-24,48.1314
1999-11-23,47.7681
1999-11-22,47.1655
1999-11-19,46.4908
1999-11-18,45.8221
1999-11-17,45.5045
1999-11-16,45.5287
1999-11-15,45.5320
1999-11-12,45.6563
